2028274||||||0|||student@123|||1
2028606||||||0|||student@123|||1
2407300||||||0|||student@123|||1
2406960||||||0|||student@123|||1
2407482||||||0|||student@123|||1
2106021||||||0|||student@123|||1
3402882||||||0|||student@123|||1
3402815||||||0|||student@123|||1
2028083||||||0|||student@123|||1
2106057||||||0|||student@123|||1
2407188||||||0|||student@123|||1
6200171||||||0|||student@123|||1
4500152||||||0|||student@123|||1
2028507||||||0|||student@123|||1
2028230||||||0|||student@123|||1
2407302||||||0|||student@123|||1
2407530||||||0|||student@123|||1
2028436||||||0|||student@123|||1
3600835||||||0|||student@123|||1
1602573||||||0|||student@123|||1
3402919||||||0|||student@123|||1
2027547||||||0|||student@123|||1
2028069||||||0|||student@123|||1
2028664||||||0|||student@123|||1
2030393||||||0|||student@123|||1
2105717||||||0|||student@123|||1
3600768||||||0|||student@123|||1
3402879||||||0|||student@123|||1
2406966||||||0|||student@123|||1
2106300||||||0|||student@123|||1
2027559||||||0|||student@123|||1
2027914||||||0|||student@123|||1
1103530||||||0|||student@123|||1
4100470||||||0|||student@123|||1
2106142||||||0|||student@123|||1
1103542||||||0|||student@123|||1
1103585||||||0|||student@123|||1
2028639||||||0|||student@123|||1
2407281||||||0|||student@123|||1
2027900||||||0|||student@123|||1
2028878||||||0|||student@123|||1
4500156||||||0|||student@123|||1
2407547||||||0|||student@123|||1
2407453||||||0|||student@123|||1
2028484||||||0|||student@123|||1
1103392||||||0|||student@123|||1
2106163||||||0|||student@123|||1
2105884||||||0|||student@123|||1
2028688|||Bhargav Istwal|||3|||bhargav@1508|||0
2027650||||||0|||student@123|||1
2407502||||||0|||student@123|||1
2028614||||||0|||student@123|||1
3600751||||||0|||student@123|||1
2701085||||||0|||student@123|||1
2028108||||||0|||student@123|||1
2407517||||||0|||student@123|||1
1800512||||||0|||student@123|||1
2027732||||||0|||student@123|||1
3403001||||||0|||student@123|||1
1103574||||||0|||student@123|||1
2701146||||||0|||student@123|||1
2407543||||||0|||student@123|||1
4600031||||||0|||student@123|||1
2029472||||||0|||student@123|||1
2407732||||||0|||student@123|||1
2406963||||||0|||student@123|||1
6900005||||||0|||student@123|||1
2028488||||||0|||student@123|||1
3800428||||||0|||student@123|||1
2028021||||||0|||student@123|||1
3402865||||||0|||student@123|||1
5800081||||||0|||student@123|||1
2106432||||||0|||student@123|||1
2407296||||||0|||student@123|||1
2027858||||||0|||student@123|||1
2105745||||||0|||student@123|||1
2027808||||||0|||student@123|||1
2028482||||||0|||student@123|||1
2407718||||||0|||student@123|||1
2028414||||||0|||student@123|||1
6200132||||||0|||student@123|||1
2027643||||||0|||student@123|||1
2106113||||||0|||student@123|||1
4300213||||||0|||student@123|||1
2106025||||||0|||student@123|||1
2027610||||||0|||student@123|||1
2407382||||||0|||student@123|||1
2027739||||||0|||student@123|||1
2106092||||||0|||student@123|||1
2106086||||||0|||student@123|||1
2407107||||||0|||student@123|||1
2407225||||||0|||student@123|||1
1103759||||||0|||student@123|||1
2701240||||||0|||student@123|||1
2105613||||||0|||student@123|||1
2029042||||||0|||student@123|||1
3600832||||||0|||student@123|||1
2027529||||||0|||student@123|||1
2106224||||||0|||student@123|||1
4600044||||||0|||student@123|||1
2029070||||||0|||student@123|||1
2106126||||||0|||student@123|||1
2407551||||||0|||student@123|||1
2800965||||||0|||student@123|||1
2029248||||||0|||student@123|||1
2407298||||||0|||student@123|||1
2701165||||||0|||student@123|||1
2105661||||||0|||student@123|||1
2029121||||||0|||student@123|||1
2027952||||||0|||student@123|||1
2027666||||||0|||student@123|||1
3402870||||||0|||student@123|||1
2027973||||||0|||student@123|||1
3600754||||||0|||student@123|||1
2105652||||||0|||student@123|||1
2027581||||||0|||student@123|||1
2027620||||||0|||student@123|||1
1103498||||||0|||student@123|||1
2028635||||||0|||student@123|||1
2028604||||||0|||student@123|||1
2407032||||||0|||student@123|||1
1103765||||||0|||student@123|||1
6200187||||||0|||student@123|||1
2106312||||||0|||student@123|||1
2028856||||||0|||student@123|||1
2105833||||||0|||student@123|||1
3402895||||||0|||student@123|||1
2106015||||||0|||student@123|||1
2106314||||||0|||student@123|||1
2407730||||||0|||student@123|||1
2028799||||||0|||student@123|||1
2407220||||||0|||student@123|||1
2407722||||||0|||student@123|||1
2407708||||||0|||student@123|||1
2701076||||||0|||student@123|||1
2407430||||||0|||student@123|||1
2105740||||||0|||student@123|||1
2407409||||||0|||student@123|||1
1103447||||||0|||student@123|||1
2028401||||||0|||student@123|||1
2407559||||||0|||student@123|||1
2028858||||||0|||student@123|||1
2105647||||||0|||student@123|||1
2027709||||||0|||student@123|||1
6200158||||||0|||student@123|||1
2106347||||||0|||student@123|||1
2701250||||||0|||student@123|||1
2029069||||||0|||student@123|||1
2028372||||||0|||student@123|||1
2407040||||||0|||student@123|||1
3500568||||||0|||student@123|||1
2028722||||||0|||student@123|||1
2106457||||||0|||student@123|||1
5800082||||||0|||student@123|||1
1103374||||||0|||student@123|||1
2106147||||||0|||student@123|||1
2028049||||||0|||student@123|||1
3403024||||||0|||student@123|||1
2029320||||||0|||student@123|||1
2106071||||||0|||student@123|||1
2028164||||||0|||student@123|||1
1103429||||||0|||student@123|||1
2106217||||||0|||student@123|||1
2027545||||||0|||student@123|||1
2106389||||||0|||student@123|||1
6200201||||||0|||student@123|||1
5700151||||||0|||student@123|||1
1602566||||||0|||student@123|||1
2029117||||||0|||student@123|||1
2027987||||||0|||student@123|||1
2701077||||||0|||student@123|||1
2027994||||||0|||student@123|||1
3402817||||||0|||student@123|||1
2407004||||||0|||student@123|||1
2028097||||||0|||student@123|||1
3402907||||||0|||student@123|||1
2027983||||||0|||student@123|||1
2028994||||||0|||student@123|||1
2029469||||||0|||student@123|||1
3600838||||||0|||student@123|||1
2105751||||||0|||student@123|||1
1103629||||||0|||student@123|||1
2029077||||||0|||student@123|||1
2029291||||||0|||student@123|||1
1900475||||||0|||student@123|||1
1103467||||||0|||student@123|||1
2106409||||||0|||student@123|||1
3402858||||||0|||student@123|||1
2029156||||||0|||student@123|||1
2407379||||||0|||student@123|||1
4600037||||||0|||student@123|||1
3500570||||||0|||student@123|||1
2028679||||||0|||student@123|||1
2028881||||||0|||student@123|||1
2406951||||||0|||student@123|||1
2028996||||||0|||student@123|||1
2406986||||||0|||student@123|||1
2029095||||||0|||student@123|||1
6200191||||||0|||student@123|||1
3402844||||||0|||student@123|||1
2029002||||||0|||student@123|||1
2028278||||||0|||student@123|||1
2105953||||||0|||student@123|||1
2701071||||||0|||student@123|||1
1103387||||||0|||student@123|||1
1103621||||||0|||student@123|||1
2106048||||||0|||student@123|||1
2106368||||||0|||student@123|||1
2105983||||||0|||student@123|||1
2028487||||||0|||student@123|||1
2028286||||||0|||student@123|||1
2106095||||||0|||student@123|||1
2106204||||||0|||student@123|||1
2028313||||||0|||student@123|||1
2407150||||||0|||student@123|||1
2407619||||||0|||student@123|||1
2105713||||||0|||student@123|||1
1103419||||||0|||student@123|||1
1103413||||||0|||student@123|||1
2029479||||||0|||student@123|||1
2028004||||||0|||student@123|||1
2029265||||||0|||student@123|||1
3402856||||||0|||student@123|||1
3600828||||||0|||student@123|||1
1800517||||||0|||student@123|||1
2027750||||||0|||student@123|||1
2028079||||||0|||student@123|||1
4300231||||||0|||student@123|||1
2106367||||||0|||student@123|||1
2028918||||||0|||student@123|||1
1103710||||||0|||student@123|||1
2407459||||||0|||student@123|||1
2105667||||||0|||student@123|||1
1500028||||||0|||student@123|||1
2027730||||||0|||student@123|||1
2027911||||||0|||student@123|||1
2106333||||||0|||student@123|||1
2027618||||||0|||student@123|||1
1900479||||||0|||student@123|||1
2028509||||||0|||student@123|||1
2407549||||||0|||student@123|||1
1103463||||||0|||student@123|||1
1602612||||||0|||student@123|||1
2028734||||||0|||student@123|||1
2407505||||||0|||student@123|||1
2028089||||||0|||student@123|||1
2407555||||||0|||student@123|||1
1103691||||||0|||student@123|||1
2105637||||||0|||student@123|||1
2029043||||||0|||student@123|||1
2105601||||||0|||student@123|||1
2029447||||||0|||student@123|||1
2800954||||||0|||student@123|||1
1103442||||||0|||student@123|||1
1103437||||||0|||student@123|||1
4100455||||||0|||student@123|||1
1103768||||||0|||student@123|||1
3402981||||||0|||student@123|||1
2105654||||||0|||student@123|||1
6200172||||||0|||student@123|||1
2028256||||||0|||student@123|||1
2701082||||||0|||student@123|||1
3402831||||||0|||student@123|||1
2105611||||||0|||student@123|||1
2106306||||||0|||student@123|||1
1103448||||||0|||student@123|||1
2029296||||||0|||student@123|||1
2701156||||||0|||student@123|||1
3500575||||||0|||student@123|||1
6200142||||||0|||student@123|||1
2106437||||||0|||student@123|||1
2028238||||||0|||student@123|||1
2028809||||||0|||student@123|||1
2407529||||||0|||student@123|||1
1800511||||||0|||student@123|||1
2027824||||||0|||student@123|||1
3403015||||||0|||student@123|||1
3500565||||||0|||student@123|||1
2027605||||||0|||student@123|||1
2406926||||||0|||student@123|||1
2029201||||||0|||student@123|||1
2407009||||||0|||student@123|||1
2029171||||||0|||student@123|||1
2027957||||||0|||student@123|||1
2029457||||||0|||student@123|||1
2028261||||||0|||student@123|||1
2029489||||||0|||student@123|||1
3402846||||||0|||student@123|||1
3402896||||||0|||student@123|||1
3402876||||||0|||student@123|||1
2028165||||||0|||student@123|||1
2029278||||||0|||student@123|||1
2028203||||||0|||student@123|||1
2106374||||||0|||student@123|||1
2106267||||||0|||student@123|||1
2028470||||||0|||student@123|||1
2106168||||||0|||student@123|||1
2407339||||||0|||student@123|||1
2029332||||||0|||student@123|||1
2029392||||||0|||student@123|||1
3600815||||||0|||student@123|||1
2106279||||||0|||student@123|||1
1103764||||||0|||student@123|||1
3600769||||||0|||student@123|||1
2028686||||||0|||student@123|||1
2300474||||||0|||student@123|||1
2106098||||||0|||student@123|||1
2029112||||||0|||student@123|||1
2027566||||||0|||student@123|||1
2027633||||||0|||student@123|||1
3600795||||||0|||student@123|||1
2028438||||||0|||student@123|||1
1103421||||||0|||student@123|||1
2029026||||||0|||student@123|||1
1103516||||||0|||student@123|||1
2028467||||||0|||student@123|||1
2028281||||||0|||student@123|||1
2028817||||||0|||student@123|||1
2029012||||||0|||student@123|||1
6700001||||||0|||student@123|||1
2027865||||||0|||student@123|||1
3402838||||||0|||student@123|||1
2407235||||||0|||student@123|||1
2027769||||||0|||student@123|||1
2027542||||||0|||student@123|||1
3600759||||||0|||student@123|||1
6200138||||||0|||student@123|||1
2028841||||||0|||student@123|||1
2105858||||||0|||student@123|||1
2106391||||||0|||student@123|||1
2027966||||||0|||student@123|||1
2105633||||||0|||student@123|||1
6800008||||||0|||student@123|||1
1103372||||||0|||student@123|||1
1103740||||||0|||student@123|||1
3800403||||||0|||student@123|||1
2027563||||||0|||student@123|||1
1103594||||||0|||student@123|||1
1103485||||||0|||student@123|||1
1103612||||||0|||student@123|||1
2407075||||||0|||student@123|||1
1103708||||||0|||student@123|||1
2105860||||||0|||student@123|||1
2029139||||||0|||student@123|||1
2028092||||||0|||student@123|||1
2407178||||||0|||student@123|||1
3402819||||||0|||student@123|||1
2407142||||||0|||student@123|||1
2028096||||||0|||student@123|||1
2407313||||||0|||student@123|||1
2028267||||||0|||student@123|||1
2028411||||||0|||student@123|||1
3600788||||||0|||student@123|||1
2027950||||||0|||student@123|||1
5600107||||||0|||student@123|||1
4700092||||||0|||student@123|||1
2407170||||||0|||student@123|||1
2407455||||||0|||student@123|||1
2028259||||||0|||student@123|||1
3600785||||||0|||student@123|||1
2029027||||||0|||student@123|||1
2407038||||||0|||student@123|||1
2406967||||||0|||student@123|||1
2028607||||||0|||student@123|||1
2029249||||||0|||student@123|||1
2029289||||||0|||student@123|||1
2029125||||||0|||student@123|||1
6200205||||||0|||student@123|||1
2028234||||||0|||student@123|||1
2028749||||||0|||student@123|||1
2407512||||||0|||student@123|||1
2028421||||||0|||student@123|||1
2701175||||||0|||student@123|||1
1602591||||||0|||student@123|||1
2407321||||||0|||student@123|||1
2029154||||||0|||student@123|||1
1103506||||||0|||student@123|||1
2407236||||||0|||student@123|||1
2701194||||||0|||student@123|||1
2028864||||||0|||student@123|||1
2028434||||||0|||student@123|||1
2407353||||||0|||student@123|||1
2027661||||||0|||student@123|||1
2027565||||||0|||student@123|||1
2027839||||||0|||student@123|||1
2106363||||||0|||student@123|||1
1900470||||||0|||student@123|||1
2407049||||||0|||student@123|||1
2028658||||||0|||student@123|||1
2407157||||||0|||student@123|||1
2106198||||||0|||student@123|||1
2106009||||||0|||student@123|||1
3402874||||||0|||student@123|||1
2801003||||||0|||student@123|||1
2029318||||||0|||student@123|||1
2027878||||||0|||student@123|||1
2028785||||||0|||student@123|||1
4000419||||||0|||student@123|||1
2027665||||||0|||student@123|||1
2028645||||||0|||student@123|||1
1103425||||||0|||student@123|||1
2701239||||||0|||student@123|||1
2407626||||||0|||student@123|||1
2027910||||||0|||student@123|||1
2106419||||||0|||student@123|||1
4400252||||||0|||student@123|||1
2106194||||||0|||student@123|||1
2105878||||||0|||student@123|||1
3800410||||||0|||student@123|||1
2106143||||||0|||student@123|||1
2027501||||||0|||student@123|||1
2407286||||||0|||student@123|||1
2029111||||||0|||student@123|||1
2028290||||||0|||student@123|||1
1800528||||||0|||student@123|||1
2029426||||||0|||student@123|||1
2406903||||||0|||student@123|||1
1103538||||||0|||student@123|||1
1103748||||||0|||student@123|||1
6200135||||||0|||student@123|||1
2105840||||||0|||student@123|||1
6700002||||||0|||student@123|||1
2407175||||||0|||student@123|||1
2028041||||||0|||student@123|||1
2028798||||||0|||student@123|||1
2106490||||||0|||student@123|||1
2028140||||||0|||student@123|||1
3402825||||||0|||student@123|||1
2407477||||||0|||student@123|||1
5500072||||||0|||student@123|||1
2406922||||||0|||student@123|||1
2105944||||||0|||student@123|||1
2028490||||||0|||student@123|||1
2105982||||||0|||student@123|||1
2027992||||||0|||student@123|||1
2027948||||||0|||student@123|||1
2407062||||||0|||student@123|||1
1602577||||||0|||student@123|||1
1103382||||||0|||student@123|||1
4100473||||||0|||student@123|||1
2105700||||||0|||student@123|||1
1103697||||||0|||student@123|||1
2106047||||||0|||student@123|||1
2029075||||||0|||student@123|||1
1103775||||||0|||student@123|||1
2407408||||||0|||student@123|||1
2028011||||||0|||student@123|||1
6200207||||||0|||student@123|||1
2027556||||||0|||student@123|||1
1103741||||||0|||student@123|||1
2029453||||||0|||student@123|||1
2028671||||||0|||student@123|||1
2028800||||||0|||student@123|||1
2027904||||||0|||student@123|||1
2027872||||||0|||student@123|||1
3402814||||||0|||student@123|||1
2407210||||||0|||student@123|||1
2106053||||||0|||student@123|||1
2028042||||||0|||student@123|||1
2028477||||||0|||student@123|||1
2027636||||||0|||student@123|||1
2407657||||||0|||student@123|||1
2029380||||||0|||student@123|||1
2407200||||||0|||student@123|||1
2105695||||||0|||student@123|||1
2028885||||||0|||student@123|||1
2029216||||||0|||student@123|||1
2028894||||||0|||student@123|||1
2106301||||||0|||student@123|||1
2105938||||||0|||student@123|||1
2407648||||||0|||student@123|||1
2407024||||||0|||student@123|||1
2407467||||||0|||student@123|||1
1103601||||||0|||student@123|||1
2029220||||||0|||student@123|||1
3403007||||||0|||student@123|||1
2105941||||||0|||student@123|||1
2028166||||||0|||student@123|||1
2106175||||||0|||student@123|||1
2027892||||||0|||student@123|||1
2029184||||||0|||student@123|||1
1103507||||||0|||student@123|||1
2028468||||||0|||student@123|||1
2027835||||||0|||student@123|||1
2105818||||||0|||student@123|||1
2027614||||||0|||student@123|||1
3500566||||||0|||student@123|||1
6200145||||||0|||student@123|||1
1900463||||||0|||student@123|||1
2407392||||||0|||student@123|||1
2106181||||||0|||student@123|||1
1103573||||||0|||student@123|||1
2027530||||||0|||student@123|||1
2028163||||||0|||student@123|||1
2027875||||||0|||student@123|||1
2106248||||||0|||student@123|||1
2028214||||||0|||student@123|||1
2407021||||||0|||student@123|||1
2406950||||||0|||student@123|||1
2106184||||||0|||student@123|||1
2027937||||||0|||student@123|||1
1103563||||||0|||student@123|||1
2106104||||||0|||student@123|||1
2106392||||||0|||student@123|||1
2105757||||||0|||student@123|||1
2028770||||||0|||student@123|||1
1900466||||||0|||student@123|||1
2028465||||||0|||student@123|||1
4900003||||||0|||student@123|||1
2407663||||||0|||student@123|||1
1103430||||||0|||student@123|||1
2028624||||||0|||student@123|||1
2800952||||||0|||student@123|||1
2029015||||||0|||student@123|||1
2029443||||||0|||student@123|||1
2407474||||||0|||student@123|||1
3600807||||||0|||student@123|||1
2407246||||||0|||student@123|||1
2407447||||||0|||student@123|||1
2407607||||||0|||student@123|||1
2028481||||||0|||student@123|||1
2028493||||||0|||student@123|||1
1103405||||||0|||student@123|||1
2105866||||||0|||student@123|||1
3402833||||||0|||student@123|||1
4700095||||||0|||student@123|||1
2106038||||||0|||student@123|||1
2106054||||||0|||student@123|||1
2800956||||||0|||student@123|||1
2407771||||||0|||student@123|||1
2027805||||||0|||student@123|||1
2407707||||||0|||student@123|||1
5600101||||||0|||student@123|||1
2106491||||||0|||student@123|||1
2105698||||||0|||student@123|||1
2028016||||||0|||student@123|||1
2407471||||||0|||student@123|||1
2106403||||||0|||student@123|||1
2406944||||||0|||student@123|||1
2106272||||||0|||student@123|||1
2028474||||||0|||student@123|||1
2027866||||||0|||student@123|||1
2027783||||||0|||student@123|||1
2407253||||||0|||student@123|||1
4000430||||||0|||student@123|||1
4000445||||||0|||student@123|||1
3402866||||||0|||student@123|||1
2027879||||||0|||student@123|||1
2106049||||||0|||student@123|||1
2106070||||||0|||student@123|||1
2028094||||||0|||student@123|||1
2029252||||||0|||student@123|||1
2028728||||||0|||student@123|||1
2027949||||||0|||student@123|||1
2406946||||||0|||student@123|||1
2029432||||||0|||student@123|||1
2407243||||||0|||student@123|||1
2800974||||||0|||student@123|||1
1602626||||||0|||student@123|||1
2300477||||||0|||student@123|||1
2028697||||||0|||student@123|||1
2028893||||||0|||student@123|||1
2407728||||||0|||student@123|||1
2406953||||||0|||student@123|||1
2029455||||||0|||student@123|||1
2027654||||||0|||student@123|||1
2105842||||||0|||student@123|||1
2701120||||||0|||student@123|||1
2106120||||||0|||student@123|||1
2105689||||||0|||student@123|||1
4100475||||||0|||student@123|||1
2105705||||||0|||student@123|||1
2028141||||||0|||student@123|||1
4000433||||||0|||student@123|||1
2106114||||||0|||student@123|||1
2105638||||||0|||student@123|||1
2029438||||||0|||student@123|||1
2029207||||||0|||student@123|||1
1602574||||||0|||student@123|||1
2028982||||||0|||student@123|||1
2106385||||||0|||student@123|||1
2028846||||||0|||student@123|||1
2029161||||||0|||student@123|||1
2105616||||||0|||student@123|||1
1103634||||||0|||student@123|||1
2028506||||||0|||student@123|||1
2029243||||||0|||student@123|||1
4400270||||||0|||student@123|||1
2105913||||||0|||student@123|||1
1602582||||||0|||student@123|||1
2028914||||||0|||student@123|||1
2106286||||||0|||student@123|||1
2701093||||||0|||student@123|||1
5900083||||||0|||student@123|||1
2407427||||||0|||student@123|||1
2105632||||||0|||student@123|||1
2027991||||||0|||student@123|||1
2105847||||||0|||student@123|||1
2407507||||||0|||student@123|||1
3500571||||||0|||student@123|||1
2027840||||||0|||student@123|||1
2025581||||||0|||student@123|||1
2027680||||||0|||student@123|||1
2028387||||||0|||student@123|||1
2106256||||||0|||student@123|||1
1103402||||||0|||student@123|||1
2028128||||||0|||student@123|||1
2029454||||||0|||student@123|||1
2027917||||||0|||student@123|||1
2029288||||||0|||student@123|||1
2029435||||||0|||student@123|||1
2027794||||||0|||student@123|||1
2029342||||||0|||student@123|||1
2028613||||||0|||student@123|||1
2106464||||||0|||student@123|||1
1103763||||||0|||student@123|||1
2028623||||||0|||student@123|||1
2028821||||||0|||student@123|||1
3800429||||||0|||student@123|||1
2028513||||||0|||student@123|||1
2105608||||||0|||student@123|||1
2407202||||||0|||student@123|||1
3800408||||||0|||student@123|||1
2105822||||||0|||student@123|||1
2106378||||||0|||student@123|||1
3403021||||||0|||student@123|||1
2701220||||||0|||student@123|||1
2027745||||||0|||student@123|||1
6200199||||||0|||student@123|||1
3500585||||||0|||student@123|||1
2028680||||||0|||student@123|||1
2028046||||||0|||student@123|||1
2028047||||||0|||student@123|||1
2106119||||||0|||student@123|||1
3500569||||||0|||student@123|||1
3500572||||||0|||student@123|||1
2407488||||||0|||student@123|||1
2027810||||||0|||student@123|||1
4100469||||||0|||student@123|||1
2029141||||||0|||student@123|||1
2106213||||||0|||student@123|||1
2106274||||||0|||student@123|||1
2407325||||||0|||student@123|||1
4100467||||||0|||student@123|||1
2028625||||||0|||student@123|||1
3600860||||||0|||student@123|||1
2407244||||||0|||student@123|||1
2029096||||||0|||student@123|||1
2407606||||||0|||student@123|||1
1103619||||||0|||student@123|||1
2028761||||||0|||student@123|||1
2028243||||||0|||student@123|||1
2701229||||||0|||student@123|||1
2406984||||||0|||student@123|||1
2800986||||||0|||student@123|||1
2027863||||||0|||student@123|||1
2028719||||||0|||student@123|||1
2300454||||||0|||student@123|||1
3600824||||||0|||student@123|||1
4300228||||||0|||student@123|||1
3800424||||||0|||student@123|||1
2105987||||||0|||student@123|||1
2029169||||||0|||student@123|||1
3402993||||||0|||student@123|||1
1900482||||||0|||student@123|||1
2201072||||||0|||student@123|||1
2407403||||||0|||student@123|||1
2106413||||||0|||student@123|||1
2029317||||||0|||student@123|||1
2105802||||||0|||student@123|||1
2407539||||||0|||student@123|||1
1602625||||||0|||student@123|||1
1800529||||||0|||student@123|||1
2027894||||||0|||student@123|||1
2027988||||||0|||student@123|||1
2029165||||||0|||student@123|||1
2027864||||||0|||student@123|||1
3402804||||||0|||student@123|||1
2028515||||||0|||student@123|||1
2407211||||||0|||student@123|||1
2027801||||||0|||student@123|||1
2701103||||||0|||student@123|||1
2028777||||||0|||student@123|||1
2106133||||||0|||student@123|||1
2105626||||||0|||student@123|||1
1602554||||||0|||student@123|||1
1103371||||||0|||student@123|||1
2105988||||||0|||student@123|||1
1900459||||||0|||student@123|||1
2105951||||||0|||student@123|||1
2028122||||||0|||student@123|||1
5700160||||||0|||student@123|||1
2407744||||||0|||student@123|||1
2106305||||||0|||student@123|||1
2106338||||||0|||student@123|||1
2407090||||||0|||student@123|||1
4300215||||||0|||student@123|||1
1103461||||||0|||student@123|||1
2201054||||||0|||student@123|||1
2029068||||||0|||student@123|||1
2105731||||||0|||student@123|||1
1800510||||||0|||student@123|||1
2106332||||||0|||student@123|||1
2407442||||||0|||student@123|||1
1103380||||||0|||student@123|||1
2701222||||||0|||student@123|||1
1103723||||||0|||student@123|||1
2105931||||||0|||student@123|||1
2407667||||||0|||student@123|||1
1103635||||||0|||student@123|||1
2028179||||||0|||student@123|||1
2106404||||||0|||student@123|||1
2800966||||||0|||student@123|||1
2407717||||||0|||student@123|||1
3402976||||||0|||student@123|||1
2106283||||||0|||student@123|||1
2701111||||||0|||student@123|||1
2407738||||||0|||student@123|||1
2105875||||||0|||student@123|||1
2106282||||||0|||student@123|||1
2105954||||||0|||student@123|||1
2105919||||||0|||student@123|||1
2407400||||||0|||student@123|||1
2407232||||||0|||student@123|||1
2028032||||||0|||student@123|||1
3800418||||||0|||student@123|||1
2027888||||||0|||student@123|||1
2028138||||||0|||student@123|||1
2106146||||||0|||student@123|||1
2407376||||||0|||student@123|||1
2029431||||||0|||student@123|||1
2105707||||||0|||student@123|||1
2028406||||||0|||student@123|||1
2407096||||||0|||student@123|||1
2028843||||||0|||student@123|||1
2407734||||||0|||student@123|||1
3402949||||||0|||student@123|||1
1103591||||||0|||student@123|||1
3402999||||||0|||student@123|||1
1103534||||||0|||student@123|||1
3800402||||||0|||student@123|||1
2407247||||||0|||student@123|||1
2407279||||||0|||student@123|||1
2106344||||||0|||student@123|||1
2029024||||||0|||student@123|||1
2800983||||||0|||student@123|||1
2106127||||||0|||student@123|||1
2027843||||||0|||student@123|||1
2028379||||||0|||student@123|||1
2105793||||||0|||student@123|||1
3402957||||||0|||student@123|||1
2407568||||||0|||student@123|||1
4400256||||||0|||student@123|||1
2027958||||||0|||student@123|||1
2027538||||||0|||student@123|||1
2027907||||||0|||student@123|||1
2407569||||||0|||student@123|||1
2407129||||||0|||student@123|||1
3600798||||||0|||student@123|||1
2028252||||||0|||student@123|||1
1103449||||||0|||student@123|||1
2028269||||||0|||student@123|||1
2106052||||||0|||student@123|||1
1103592||||||0|||student@123|||1
2105992||||||0|||student@123|||1
2028211||||||0|||student@123|||1
2028006||||||0|||student@123|||1
3402997||||||0|||student@123|||1
2407652||||||0|||student@123|||1
2106170||||||0|||student@123|||1
2029145||||||0|||student@123|||1
2028632||||||0|||student@123|||1
1103487||||||0|||student@123|||1
2407452||||||0|||student@123|||1
3600755||||||0|||student@123|||1
2701237||||||0|||student@123|||1
2105852||||||0|||student@123|||1
2028874||||||0|||student@123|||1
6200183||||||0|||student@123|||1
6200188||||||0|||student@123|||1
2105999||||||0|||student@123|||1
4500162||||||0|||student@123|||1
3600853||||||0|||student@123|||1
2105737||||||0|||student@123|||1
1103459||||||0|||student@123|||1
2300465||||||0|||student@123|||1
2028712||||||0|||student@123|||1
2029214||||||0|||student@123|||1
2028297||||||0|||student@123|||1
2407191||||||0|||student@123|||1
2406949||||||0|||student@123|||1
2106401||||||0|||student@123|||1
2028789||||||0|||student@123|||1
2701062||||||0|||student@123|||1
2406941||||||0|||student@123|||1
5600109||||||0|||student@123|||1
2029397||||||0|||student@123|||1
2028873||||||0|||student@123|||1
2027802||||||0|||student@123|||1
2027986||||||0|||student@123|||1
3500552||||||0|||student@123|||1
2028113||||||0|||student@123|||1
2406940||||||0|||student@123|||1
2201066||||||0|||student@123|||1
2106191||||||0|||student@123|||1
2028005||||||0|||student@123|||1
2028037||||||0|||student@123|||1
2406925||||||0|||student@123|||1
2407385||||||0|||student@123|||1
3402954||||||0|||student@123|||1
2029131||||||0|||student@123|||1
2105914||||||0|||student@123|||1
2701135||||||0|||student@123|||1
3402932||||||0|||student@123|||1
2028008||||||0|||student@123|||1
2029142||||||0|||student@123|||1
2701053||||||0|||student@123|||1
2407510||||||0|||student@123|||1
1103625||||||0|||student@123|||1
2106330||||||0|||student@123|||1
2105666||||||0|||student@123|||1
3600775||||||0|||student@123|||1
2028677||||||0|||student@123|||1
1103527||||||0|||student@123|||1
2407194||||||0|||student@123|||1
2027912||||||0|||student@123|||1
1103628||||||0|||student@123|||1
2027990||||||0|||student@123|||1
2027514||||||0|||student@123|||1
2407271||||||0|||student@123|||1
2029379||||||0|||student@123|||1
2407309||||||0|||student@123|||1
2027697||||||0|||student@123|||1
2701078||||||0|||student@123|||1
2029293||||||0|||student@123|||1
2029458||||||0|||student@123|||1
2028877||||||0|||student@123|||1
2027714||||||0|||student@123|||1
2028687||||||0|||student@123|||1
6200136||||||0|||student@123|||1
2105863||||||0|||student@123|||1
2701204||||||0|||student@123|||1
2407167||||||0|||student@123|||1
2407558||||||0|||student@123|||1
2701114||||||0|||student@123|||1
3402933||||||0|||student@123|||1
2407433||||||0|||student@123|||1
3600804||||||0|||student@123|||1
2029473||||||0|||student@123|||1
1103742||||||0|||student@123|||1
1900452||||||0|||student@123|||1
3600810||||||0|||student@123|||1
2407429||||||0|||student@123|||1
2028036||||||0|||student@123|||1
2028413||||||0|||student@123|||1
2106485||||||0|||student@123|||1
1103368||||||0|||student@123|||1
3403023||||||0|||student@123|||1
2027604||||||0|||student@123|||1
2407111||||||0|||student@123|||1
2028114||||||0|||student@123|||1
2105694||||||0|||student@123|||1
4700083||||||0|||student@123|||1
2028381||||||0|||student@123|||1
2105680||||||0|||student@123|||1
3600851||||||0|||student@123|||1
2105609||||||0|||student@123|||1
2105854||||||0|||student@123|||1
2106131||||||0|||student@123|||1
2106384||||||0|||student@123|||1
2407524||||||0|||student@123|||1
2028473||||||0|||student@123|||1
2106262||||||0|||student@123|||1
2029090||||||0|||student@123|||1
2407468||||||0|||student@123|||1
1103458||||||0|||student@123|||1
2027946||||||0|||student@123|||1
2407132||||||0|||student@123|||1
2105785||||||0|||student@123|||1
2105855||||||0|||student@123|||1
1103465||||||0|||student@123|||1
2027964||||||0|||student@123|||1
2106002||||||0|||student@123|||1
1103381||||||0|||student@123|||1
2029383||||||0|||student@123|||1
3600840||||||0|||student@123|||1
2407031||||||0|||student@123|||1
2105650||||||0|||student@123|||1
2407563||||||0|||student@123|||1
2701155||||||0|||student@123|||1
4600049||||||0|||student@123|||1
2029094||||||0|||student@123|||1
2028167||||||0|||student@123|||1
2028684||||||0|||student@123|||1
4000439||||||0|||student@123|||1
2028066||||||0|||student@123|||1
2028695||||||0|||student@123|||1
2105853||||||0|||student@123|||1
2106422||||||0|||student@123|||1
2105771||||||0|||student@123|||1
2106245||||||0|||student@123|||1
2701196||||||0|||student@123|||1
2407061||||||0|||student@123|||1
3403055||||||0|||student@123|||1
1103600||||||0|||student@123|||1
2027918||||||0|||student@123|||1
2027688||||||0|||student@123|||1
2701186||||||0|||student@123|||1
6200197||||||0|||student@123|||1
4300225||||||0|||student@123|||1
2407048||||||0|||student@123|||1
2701172||||||0|||student@123|||1
3800434||||||0|||student@123|||1
2027649||||||0|||student@123|||1
1103456||||||0|||student@123|||1
1103615||||||0|||student@123|||1
2407115||||||0|||student@123|||1
2028062||||||0|||student@123|||1
2027631||||||0|||student@123|||1
2028450||||||0|||student@123|||1
2028044||||||0|||student@123|||1
2106067||||||0|||student@123|||1
2407725||||||0|||student@123|||1
2105813||||||0|||student@123|||1
3402914||||||0|||student@123|||1
2406909||||||0|||student@123|||1
2407401||||||0|||student@123|||1
2028861||||||0|||student@123|||1
2027893||||||0|||student@123|||1
2701231||||||0|||student@123|||1
2701142||||||0|||student@123|||1
2407733||||||0|||student@123|||1
2106221||||||0|||student@123|||1
2028998||||||0|||student@123|||1
2027776||||||0|||student@123|||1
2029129||||||0|||student@123|||1
2106073||||||0|||student@123|||1
3600762||||||0|||student@123|||1
2106414||||||0|||student@123|||1
2029005||||||0|||student@123|||1
3300011||||||0|||student@123|||1
2106383||||||0|||student@123|||1
2407534||||||0|||student@123|||1
2701096||||||0|||student@123|||1
2027629||||||0|||student@123|||1
1103490||||||0|||student@123|||1
1103699||||||0|||student@123|||1
2406935||||||0|||student@123|||1
2028304||||||0|||student@123|||1
2027944||||||0|||student@123|||1
2028408||||||0|||student@123|||1
1602552||||||0|||student@123|||1
2029364||||||0|||student@123|||1
2027717||||||0|||student@123|||1
2028774||||||0|||student@123|||1
2027573||||||0|||student@123|||1
2406936||||||0|||student@123|||1
4400261||||||0|||student@123|||1
2028146||||||0|||student@123|||1
1103384||||||0|||student@123|||1
1900480||||||0|||student@123|||1
6200174||||||0|||student@123|||1
4300218||||||0|||student@123|||1
2029093||||||0|||student@123|||1
1900483||||||0|||student@123|||1
2105655||||||0|||student@123|||1
1103675||||||0|||student@123|||1
2029316||||||0|||student@123|||1
4600038||||||0|||student@123|||1
2407711||||||0|||student@123|||1
2028715||||||0|||student@123|||1
2029086||||||0|||student@123|||1
5600103||||||0|||student@123|||1
2407365||||||0|||student@123|||1
2028492||||||0|||student@123|||1
1900454||||||0|||student@123|||1
6200190||||||0|||student@123|||1
2106345||||||0|||student@123|||1
1103537||||||0|||student@123|||1
3600761||||||0|||student@123|||1
2028169||||||0|||student@123|||1
2406974||||||0|||student@123|||1
1103579||||||0|||student@123|||1
2029411||||||0|||student@123|||1
2029152||||||0|||student@123|||1
2407739||||||0|||student@123|||1
2105850||||||0|||student@123|||1
2028890||||||0|||student@123|||1
2407123||||||0|||student@123|||1
3402821||||||0|||student@123|||1
2106236||||||0|||student@123|||1
2106466||||||0|||student@123|||1
2800961||||||0|||student@123|||1
2029456||||||0|||student@123|||1
2106499||||||0|||student@123|||1
3600767||||||0|||student@123|||1
2028902||||||0|||student@123|||1
1103713||||||0|||student@123|||1
2105928||||||0|||student@123|||1
2106277||||||0|||student@123|||1
2407630||||||0|||student@123|||1
2028131||||||0|||student@123|||1
2029084||||||0|||student@123|||1
2106149||||||0|||student@123|||1
2106273||||||0|||student@123|||1
1103695||||||0|||student@123|||1
2105990||||||0|||student@123|||1
2105752||||||0|||student@123|||1
1103767||||||0|||student@123|||1
2027561||||||0|||student@123|||1
3402898||||||0|||student@123|||1
5700155||||||0|||student@123|||1
1602623||||||0|||student@123|||1
6200185||||||0|||student@123|||1
1103565||||||0|||student@123|||1
2106275||||||0|||student@123|||1
4600050||||||0|||student@123|||1
2407318||||||0|||student@123|||1
2028148||||||0|||student@123|||1
1900473||||||0|||student@123|||1
2407431||||||0|||student@123|||1
4900004||||||0|||student@123|||1
2027962||||||0|||student@123|||1
2407629||||||0|||student@123|||1
2105864||||||0|||student@123|||1
6200182||||||0|||student@123|||1
2028448||||||0|||student@123|||1
3600805||||||0|||student@123|||1
2800958||||||0|||student@123|||1
2701162||||||0|||student@123|||1
2028696||||||0|||student@123|||1
2029260||||||0|||student@123|||1
2027584||||||0|||student@123|||1
2201068||||||0|||student@123|||1
2407126||||||0|||student@123|||1
2028410||||||0|||student@123|||1
3403033||||||0|||student@123|||1
2407315||||||0|||student@123|||1
2106074||||||0|||student@123|||1
2028009||||||0|||student@123|||1
3600793||||||0|||student@123|||1
2027834||||||0|||student@123|||1
2701063||||||0|||student@123|||1
2028838||||||0|||student@123|||1
2407565||||||0|||student@123|||1
1103406||||||0|||student@123|||1
3402935||||||0|||student@123|||1
2106484||||||0|||student@123|||1
2028085||||||0|||student@123|||1
4100454||||||0|||student@123|||1
2027740||||||0|||student@123|||1
2407143||||||0|||student@123|||1
2029898||||||0|||student@123|||1
4400271||||||0|||student@123|||1
2029446||||||0|||student@123|||1
2028501||||||0|||student@123|||1
2106234||||||0|||student@123|||1
2027601||||||0|||student@123|||1
2029150||||||0|||student@123|||1
2028195||||||0|||student@123|||1
2106336||||||0|||student@123|||1
2105994||||||0|||student@123|||1
2407035||||||0|||student@123|||1
2407137||||||0|||student@123|||1
3402901||||||0|||student@123|||1
2407709||||||0|||student@123|||1
3402880||||||0|||student@123|||1
2027635||||||0|||student@123|||1
2027652||||||0|||student@123|||1
3402855||||||0|||student@123|||1
3600760||||||0|||student@123|||1
2407673||||||0|||student@123|||1
2407451||||||0|||student@123|||1
2106303||||||0|||student@123|||1
2106159||||||0|||student@123|||1
2029017||||||0|||student@123|||1
2028095||||||0|||student@123|||1
6200198||||||0|||student@123|||1
3500555||||||0|||student@123|||1
2028730||||||0|||student@123|||1
2106187||||||0|||student@123|||1
2029465||||||0|||student@123|||1
2028907||||||0|||student@123|||1
2105758||||||0|||student@123|||1
2105777||||||0|||student@123|||1
3403049||||||0|||student@123|||1
1103593||||||0|||student@123|||1
2800967||||||0|||student@123|||1
3800413||||||0|||student@123|||1
2407412||||||0|||student@123|||1
1103416||||||0|||student@123|||1
2105674||||||0|||student@123|||1
2028099||||||0|||student@123|||1
3402892||||||0|||student@123|||1
2029262||||||0|||student@123|||1
2105843||||||0|||student@123|||1
2028829||||||0|||student@123|||1
2106253||||||0|||student@123|||1
3500583||||||0|||student@123|||1
2028766||||||0|||student@123|||1
2029415||||||0|||student@123|||1
2028383||||||0|||student@123|||1
2105658||||||0|||student@123|||1
3600806||||||0|||student@123|||1
2105790||||||0|||student@123|||1
5700159||||||0|||student@123|||1
3403056||||||0|||student@123|||1
2029482||||||0|||student@123|||1
3800406||||||0|||student@123|||1
2027905||||||0|||student@123|||1
4000432||||||0|||student@123|||1
2028241||||||0|||student@123|||1
2029083||||||0|||student@123|||1
2106463||||||0|||student@123|||1
2105934||||||0|||student@123|||1
2201075||||||0|||student@123|||1
2027885||||||0|||student@123|||1
2406932||||||0|||student@123|||1
2106235||||||0|||student@123|||1
2027562||||||0|||student@123|||1
2029287||||||0|||student@123|||1
2106189||||||0|||student@123|||1
2028886||||||0|||student@123|||1
2105642||||||0|||student@123|||1
2029244||||||0|||student@123|||1
2407268||||||0|||student@123|||1
4100482||||||0|||student@123|||1
2106232||||||0|||student@123|||1
2407364||||||0|||student@123|||1
2106287||||||0|||student@123|||1
2107513||||||0|||student@123|||1
1103550||||||0|||student@123|||1
2028023||||||0|||student@123|||1
2105760||||||0|||student@123|||1
2407155||||||0|||student@123|||1
2027764||||||0|||student@123|||1
2029372||||||0|||student@123|||1
2028455||||||0|||student@123|||1
2027655||||||0|||student@123|||1
2407654||||||0|||student@123|||1
2407190||||||0|||student@123|||1
2106468||||||0|||student@123|||1
6200122||||||0|||student@123|||1
3402845||||||0|||student@123|||1
3402889||||||0|||student@123|||1
2407255||||||0|||student@123|||1
2701227||||||0|||student@123|||1
2106085||||||0|||student@123|||1
2701171||||||0|||student@123|||1
2407340||||||0|||student@123|||1
2027820||||||0|||student@123|||1
2407068||||||0|||student@123|||1
2105769||||||0|||student@123|||1
4500168||||||0|||student@123|||1
1103452||||||0|||student@123|||1
1103589||||||0|||student@123|||1
2800991||||||0|||student@123|||1
2027703||||||0|||student@123|||1
2027886||||||0|||student@123|||1
2028415||||||0|||student@123|||1
2027577||||||0|||student@123|||1
2701180||||||0|||student@123|||1
2028984||||||0|||student@123|||1
2800963||||||0|||student@123|||1
4100472||||||0|||student@123|||1
2028975||||||0|||student@123|||1
2105747||||||0|||student@123|||1
2028866||||||0|||student@123|||1
2407204||||||0|||student@123|||1
2029459||||||0|||student@123|||1
2028764||||||0|||student@123|||1
2407531||||||0|||student@123|||1
2028135||||||0|||student@123|||1
2028992||||||0|||student@123|||1
2027896||||||0|||student@123|||1
2106151||||||0|||student@123|||1
2026523||||||0|||student@123|||1
2106081||||||0|||student@123|||1
1103397||||||0|||student@123|||1
2028710||||||0|||student@123|||1
2106040||||||0|||student@123|||1
2027727||||||0|||student@123|||1
1103457||||||0|||student@123|||1
2027826||||||0|||student@123|||1
2028109||||||0|||student@123|||1
2028769||||||0|||student@123|||1
2407440||||||0|||student@123|||1
2028034||||||0|||student@123|||1
2407646||||||0|||student@123|||1
2028839||||||0|||student@123|||1
2106299||||||0|||student@123|||1
2407248||||||0|||student@123|||1
1103692||||||0|||student@123|||1
2028461||||||0|||student@123|||1
2407625||||||0|||student@123|||1
3600796||||||0|||student@123|||1
2105614||||||0|||student@123|||1
2407274||||||0|||student@123|||1
1103570||||||0|||student@123|||1
2407002||||||0|||student@123|||1
3402811||||||0|||student@123|||1
2406911||||||0|||student@123|||1
2029385||||||0|||student@123|||1
2029267||||||0|||student@123|||1
2029255||||||0|||student@123|||1
2105703||||||0|||student@123|||1
2106438||||||0|||student@123|||1
2028213||||||0|||student@123|||1
2028702||||||0|||student@123|||1
2029365||||||0|||student@123|||1
4000451||||||0|||student@123|||1
3600776||||||0|||student@123|||1
2028145||||||0|||student@123|||1
2106088||||||0|||student@123|||1
2407066||||||0|||student@123|||1
3600803||||||0|||student@123|||1
1103729||||||0|||student@123|||1
2407464||||||0|||student@123|||1
1500022||||||0|||student@123|||1
2027540||||||0|||student@123|||1
1103782||||||0|||student@123|||1
2106329||||||0|||student@123|||1
2105742||||||0|||student@123|||1
2105809||||||0|||student@123|||1
2027683||||||0|||student@123|||1
2029395||||||0|||student@123|||1
1103377||||||0|||student@123|||1
6200167||||||0|||student@123|||1
1602572||||||0|||student@123|||1
1900458||||||0|||student@123|||1
3402918||||||0|||student@123|||1
2407148||||||0|||student@123|||1
4400268||||||0|||student@123|||1
4900001||||||0|||student@123|||1
5700157||||||0|||student@123|||1
2029484||||||0|||student@123|||1
2029051||||||0|||student@123|||1
2028779||||||0|||student@123|||1
2407180||||||0|||student@123|||1
2028123||||||0|||student@123|||1
2407405||||||0|||student@123|||1
2028399||||||0|||student@123|||1
2407163||||||0|||student@123|||1
3402871||||||0|||student@123|||1
2407324||||||0|||student@123|||1
3403018||||||0|||student@123|||1
2105794||||||0|||student@123|||1
2105868||||||0|||student@123|||1
2029401||||||0|||student@123|||1
2407084||||||0|||student@123|||1
3600771||||||0|||student@123|||1
2027502||||||0|||student@123|||1
2701251||||||0|||student@123|||1
2407011||||||0|||student@123|||1
3402926||||||0|||student@123|||1
1103445||||||0|||student@123|||1
2029143||||||0|||student@123|||1
2028791||||||0|||student@123|||1
4400267||||||0|||student@123|||1
2027939||||||0|||student@123|||1
2106304||||||0|||student@123|||1
2300469||||||0|||student@123|||1
4400265||||||0|||student@123|||1
2106373||||||0|||student@123|||1
2028147||||||0|||student@123|||1
2300470||||||0|||student@123|||1
2027874||||||0|||student@123|||1
2027646||||||0|||student@123|||1
4300226||||||0|||student@123|||1
2029215||||||0|||student@123|||1
2027741||||||0|||student@123|||1
2800980||||||0|||student@123|||1
2029273||||||0|||student@123|||1
3600753||||||0|||student@123|||1
2028437||||||0|||student@123|||1
2028694||||||0|||student@123|||1
4000440||||||0|||student@123|||1
2701183||||||0|||student@123|||1
2701198||||||0|||student@123|||1
2407019||||||0|||student@123|||1
2407387||||||0|||student@123|||1
2028400||||||0|||student@123|||1
2105851||||||0|||student@123|||1
1103587||||||0|||student@123|||1
3600786||||||0|||student@123|||1
2105768||||||0|||student@123|||1
2029404||||||0|||student@123|||1
2407020||||||0|||student@123|||1
2407456||||||0|||student@123|||1
6800010||||||0|||student@123|||1
1103746||||||0|||student@123|||1
2105605||||||0|||student@123|||1
2027806||||||0|||student@123|||1
2027989||||||0|||student@123|||1
1103401||||||0|||student@123|||1
2407386||||||0|||student@123|||1
2701228||||||0|||student@123|||1
2027677||||||0|||student@123|||1
2028919||||||0|||student@123|||1
2407437||||||0|||student@123|||1
2028628||||||0|||student@123|||1
2701110||||||0|||student@123|||1
3402809||||||0|||student@123|||1
2027523||||||0|||student@123|||1
2027734||||||0|||student@123|||1
2407160||||||0|||student@123|||1
2027779||||||0|||student@123|||1
1103351||||||0|||student@123|||1
2029436||||||0|||student@123|||1
2028112||||||0|||student@123|||1
2106209||||||0|||student@123|||1
6200195||||||0|||student@123|||1
2106355||||||0|||student@123|||1
2028912||||||0|||student@123|||1
2105710||||||0|||student@123|||1
1103753||||||0|||student@123|||1
2701139||||||0|||student@123|||1
1103502||||||0|||student@123|||1
2407461||||||0|||student@123|||1
1103427||||||0|||student@123|||1
2106327||||||0|||student@123|||1
2407466||||||0|||student@123|||1
2407227||||||0|||student@123|||1
2028642||||||0|||student@123|||1
2028897||||||0|||student@123|||1
2028812||||||0|||student@123|||1
2106396||||||0|||student@123|||1
3402934||||||0|||student@123|||1
1500025||||||0|||student@123|||1
2028139||||||0|||student@123|||1
2028378||||||0|||student@123|||1
2407542||||||0|||student@123|||1
2106161||||||0|||student@123|||1
2105799||||||0|||student@123|||1
4000412||||||0|||student@123|||1
2300463||||||0|||student@123|||1
2106218||||||0|||student@123|||1
2105923||||||0|||student@123|||1
1103602||||||0|||student@123|||1
2028601||||||0|||student@123|||1
2106125||||||0|||student@123|||1
2701098||||||0|||student@123|||1
2027676||||||0|||student@123|||1
2105755||||||0|||student@123|||1
2407230||||||0|||student@123|||1
2105810||||||0|||student@123|||1
2407399||||||0|||student@123|||1
4100453||||||0|||student@123|||1
2028517||||||0|||student@123|||1
3402810||||||0|||student@123|||1
2701083||||||0|||student@123|||1
2029186||||||0|||student@123|||1
2106106||||||0|||student@123|||1
2027877||||||0|||student@123|||1
2407407||||||0|||student@123|||1
2106229||||||0|||student@123|||1
2106115||||||0|||student@123|||1
2106008||||||0|||student@123|||1
2106044||||||0|||student@123|||1
2106116||||||0|||student@123|||1
2106112||||||0|||student@123|||1
2106230||||||0|||student@123|||1
1103754||||||0|||student@123|||1
6200166||||||0|||student@123|||1
2028189||||||0|||student@123|||1
1602627||||||0|||student@123|||1
1103517||||||0|||student@123|||1
2701252||||||0|||student@123|||1
1103564||||||0|||student@123|||1
2407397||||||0|||student@123|||1
2800977||||||0|||student@123|||1
2701099||||||0|||student@123|||1
2406971||||||0|||student@123|||1
1103623||||||0|||student@123|||1
4600039||||||0|||student@123|||1
2028273||||||0|||student@123|||1
2027634||||||0|||student@123|||1
2407696||||||0|||student@123|||1
2028150||||||0|||student@123|||1
2701152||||||0|||student@123|||1
2028747||||||0|||student@123|||1
2201064||||||0|||student@123|||1
2407306||||||0|||student@123|||1
2407356||||||0|||student@123|||1
2028152||||||0|||student@123|||1
2027719||||||0|||student@123|||1
2027527||||||0|||student@123|||1
2027595||||||0|||student@123|||1
1103737||||||0|||student@123|||1
2701117||||||0|||student@123|||1
1602570||||||0|||student@123|||1
1103469||||||0|||student@123|||1
2027844||||||0|||student@123|||1
2106135||||||0|||student@123|||1
1103689||||||0|||student@123|||1
5700169||||||0|||student@123|||1
2028727||||||0|||student@123|||1
2407384||||||0|||student@123|||1
2407377||||||0|||student@123|||1
2407050||||||0|||student@123|||1
2029003||||||0|||student@123|||1
2028847||||||0|||student@123|||1
1103479||||||0|||student@123|||1
3403039||||||0|||student@123|||1
2106459||||||0|||student@123|||1
2028302||||||0|||student@123|||1
4400251||||||0|||student@123|||1
1602562||||||0|||student@123|||1
2027831||||||0|||student@123|||1
4300220||||||0|||student@123|||1
2407242||||||0|||student@123|||1
5700165||||||0|||student@123|||1
3600830||||||0|||student@123|||1
6200164||||||0|||student@123|||1
2701185||||||0|||student@123|||1
2701159||||||0|||student@123|||1
2201067||||||0|||student@123|||1
2027880||||||0|||student@123|||1
2407362||||||0|||student@123|||1
1103352||||||0|||student@123|||1
2407098||||||0|||student@123|||1
2407144||||||0|||student@123|||1
2701052||||||0|||student@123|||1
1103620||||||0|||student@123|||1
2028196||||||0|||student@123|||1
6200125||||||0|||student@123|||1
1103356||||||0|||student@123|||1
2028420||||||0|||student@123|||1
2028724||||||0|||student@123|||1
1103435||||||0|||student@123|||1
2106369||||||0|||student@123|||1
2407479||||||0|||student@123|||1
2028458||||||0|||student@123|||1
4000414||||||0|||student@123|||1
2300471||||||0|||student@123|||1
1103714||||||0|||student@123|||1
1103443||||||0|||student@123|||1
3402900||||||0|||student@123|||1
1103462||||||0|||student@123|||1
2027800||||||0|||student@123|||1
2028602||||||0|||student@123|||1
2027909||||||0|||student@123|||1
2028828||||||0|||student@123|||1
2800982||||||0|||student@123|||1
2027780||||||0|||student@123|||1
4000420||||||0|||student@123|||1
2106364||||||0|||student@123|||1
2027623||||||0|||student@123|||1
2407039||||||0|||student@123|||1
2028291||||||0|||student@123|||1
2027645||||||0|||student@123|||1
1103744||||||0|||student@123|||1
2028610||||||0|||student@123|||1
2407135||||||0|||student@123|||1
1103555||||||0|||student@123|||1
2028124||||||0|||student@123|||1
1103727||||||0|||student@123|||1
2106242||||||0|||student@123|||1
2027612||||||0|||student@123|||1
2029429||||||0|||student@123|||1
2027504||||||0|||student@123|||1
2407276||||||0|||student@123|||1
4400254||||||0|||student@123|||1
1103674||||||0|||student@123|||1
2701193||||||0|||student@123|||1
2028768||||||0|||student@123|||1
1103526||||||0|||student@123|||1
2027924||||||0|||student@123|||1
1103546||||||0|||student@123|||1
2028428||||||0|||student@123|||1
1103495||||||0|||student@123|||1
2027979||||||0|||student@123|||1
2105660||||||0|||student@123|||1
1602588||||||0|||student@123|||1
3402899||||||0|||student@123|||1
4600043||||||0|||student@123|||1
2027786||||||0|||student@123|||1
3600854||||||0|||student@123|||1
2028913||||||0|||student@123|||1
2029122||||||0|||student@123|||1
2028971||||||0|||student@123|||1
4500159||||||0|||student@123|||1
2406995||||||0|||student@123|||1
2701108||||||0|||student@123|||1
2028803||||||0|||student@123|||1
2027551||||||0|||student@123|||1
2028394||||||0|||student@123|||1
2106059||||||0|||student@123|||1
2028039||||||0|||student@123|||1
2701084||||||0|||student@123|||1
2027828||||||0|||student@123|||1
4100464||||||0|||student@123|||1
2407360||||||0|||student@123|||1
2106326||||||0|||student@123|||1
2105849||||||0|||student@123|||1
2106362||||||0|||student@123|||1
2105952||||||0|||student@123|||1
2029378||||||0|||student@123|||1
2028425||||||0|||student@123|||1
1103464||||||0|||student@123|||1
2027846||||||0|||student@123|||1
2027836||||||0|||student@123|||1
2028794||||||0|||student@123|||1
2106294||||||0|||student@123|||1
2028442||||||0|||student@123|||1
2801001||||||0|||student@123|||1
2300458||||||0|||student@123|||1
2029151||||||0|||student@123|||1
3600812||||||0|||student@123|||1
2028762||||||0|||student@123|||1
3402995||||||0|||student@123|||1
2029166||||||0|||student@123|||1
1103776||||||0|||student@123|||1
2028855||||||0|||student@123|||1
2701197||||||0|||student@123|||1
2029239||||||0|||student@123|||1
2029089||||||0|||student@123|||1
1103604||||||0|||student@123|||1
2027782||||||0|||student@123|||1
2027536||||||0|||student@123|||1
1103414||||||0|||student@123|||1
6200147||||||0|||student@123|||1
2027586||||||0|||student@123|||1
2105620||||||0|||student@123|||1
2407184||||||0|||student@123|||1
1800502||||||0|||student@123|||1
2105930||||||0|||student@123|||1
2028456||||||0|||student@123|||1
2800975||||||0|||student@123|||1
2028826||||||0|||student@123|||1
2701131||||||0|||student@123|||1
1103581||||||0|||student@123|||1
2029006||||||0|||student@123|||1
2027961||||||0|||student@123|||1
2028685||||||0|||student@123|||1
2106405||||||0|||student@123|||1
2028863||||||0|||student@123|||1
2105815||||||0|||student@123|||1
1103512||||||0|||student@123|||1
4000403||||||0|||student@123|||1
1103353||||||0|||student@123|||1
2027619||||||0|||student@123|||1
5600104||||||0|||student@123|||1
2029451||||||0|||student@123|||1
2028820||||||0|||student@123|||1
2701174||||||0|||student@123|||1
1103577||||||0|||student@123|||1
2105917||||||0|||student@123|||1
2028837||||||0|||student@123|||1
2106489||||||0|||student@123|||1
2027915||||||0|||student@123|||1
2029128||||||0|||student@123|||1
2407013||||||0|||student@123|||1
2106444||||||0|||student@123|||1
2028753||||||0|||student@123|||1
2028776||||||0|||student@123|||1
2029340||||||0|||student@123|||1
2406913||||||0|||student@123|||1
2030388||||||0|||student@123|||1
2028896||||||0|||student@123|||1
2028504||||||0|||student@123|||1
2800955||||||0|||student@123|||1
1602556||||||0|||student@123|||1
2029009||||||0|||student@123|||1
2106481||||||0|||student@123|||1
3402963||||||0|||student@123|||1
2406931||||||0|||student@123|||1
3402867||||||0|||student@123|||1
6700006||||||0|||student@123|||1
2028835||||||0|||student@123|||1
4700089||||||0|||student@123|||1
2701148||||||0|||student@123|||1
4000402||||||0|||student@123|||1
2028920||||||0|||student@123|||1
2407073||||||0|||student@123|||1
2027941||||||0|||student@123|||1
2407216||||||0|||student@123|||1
2027691||||||0|||student@123|||1
2407776||||||0|||student@123|||1
2029283||||||0|||student@123|||1
1900484||||||0|||student@123|||1
4400263||||||0|||student@123|||1
1103424||||||0|||student@123|||1
2029133||||||0|||student@123|||1
2028519||||||0|||student@123|||1
6200184||||||0|||student@123|||1
2300462||||||0|||student@123|||1
1103411||||||0|||student@123|||1
6200152||||||0|||student@123|||1
2106500||||||0|||student@123|||1
2028376||||||0|||student@123|||1
2028811||||||0|||student@123|||1
2701128||||||0|||student@123|||1
2028035||||||0|||student@123|||1
3402923||||||0|||student@123|||1
2027829||||||0|||student@123|||1
2028292||||||0|||student@123|||1
2406997||||||0|||student@123|||1
3402917||||||0|||student@123|||1
2105748||||||0|||student@123|||1
2028218||||||0|||student@123|||1
2028813||||||0|||student@123|||1
2029085||||||0|||student@123|||1
2106349||||||0|||student@123|||1
2028120||||||0|||student@123|||1
2105950||||||0|||student@123|||1
4900002||||||0|||student@123|||1
2407154||||||0|||student@123|||1
2027903||||||0|||student@123|||1
6900004||||||0|||student@123|||1
2027575||||||0|||student@123|||1
2106128||||||0|||student@123|||1
2407063||||||0|||student@123|||1
2030389||||||0|||student@123|||1
6200121||||||0|||student@123|||1
2701153||||||0|||student@123|||1
2701065||||||0|||student@123|||1
3600823||||||0|||student@123|||1
2027773||||||0|||student@123|||1
2027667||||||0|||student@123|||1
2407670||||||0|||student@123|||1
4700084||||||0|||student@123|||1
3402988||||||0|||student@123|||1
2407222||||||0|||student@123|||1
2407653||||||0|||student@123|||1
1103357||||||0|||student@123|||1
2028652||||||0|||student@123|||1
2106130||||||0|||student@123|||1
2029172||||||0|||student@123|||1
2407016||||||0|||student@123|||1
1103616||||||0|||student@123|||1
2701225||||||0|||student@123|||1
6200151||||||0|||student@123|||1
2028763||||||0|||student@123|||1
2027925||||||0|||student@123|||1
2106101||||||0|||student@123|||1
1103688||||||0|||student@123|||1
2028247||||||0|||student@123|||1
2028505||||||0|||student@123|||1
2106250||||||0|||student@123|||1
2407292||||||0|||student@123|||1
2701205||||||0|||student@123|||1
2106083||||||0|||student@123|||1
2407729||||||0|||student@123|||1
4100468||||||0|||student@123|||1
2407390||||||0|||student@123|||1
2029471||||||0|||student@123|||1
2027934||||||0|||student@123|||1
2800981||||||0|||student@123|||1
2105621||||||0|||student@123|||1
2406945||||||0|||student@123|||1
2027693||||||0|||student@123|||1
2029369||||||0|||student@123|||1
2701218||||||0|||student@123|||1
2407632||||||0|||student@123|||1
2028127||||||0|||student@123|||1
2106090||||||0|||student@123|||1
2029098||||||0|||student@123|||1
2029092||||||0|||student@123|||1
3402813||||||0|||student@123|||1
1103747||||||0|||student@123|||1
2028090||||||0|||student@123|||1
2407263||||||0|||student@123|||1
2028130||||||0|||student@123|||1
1103560||||||0|||student@123|||1
2106046||||||0|||student@123|||1
2105639||||||0|||student@123|||1
2407100||||||0|||student@123|||1
2105960||||||0|||student@123|||1
2701115||||||0|||student@123|||1
2201060||||||0|||student@123|||1
2028180||||||0|||student@123|||1
2027550||||||0|||student@123|||1
2701130||||||0|||student@123|||1
6200186||||||0|||student@123|||1
2106192||||||0|||student@123|||1
2028977||||||0|||student@123|||1
2407620||||||0|||student@123|||1
2027528||||||0|||student@123|||1
2406961||||||0|||student@123|||1
2106278||||||0|||student@123|||1
2105836||||||0|||student@123|||1
2406924||||||0|||student@123|||1
2027873||||||0|||student@123|||1
1103504||||||0|||student@123|||1
2105808||||||0|||student@123|||1
2028284||||||0|||student@123|||1
2105711||||||0|||student@123|||1
2407720||||||0|||student@123|||1
2106433||||||0|||student@123|||1
2106483||||||0|||student@123|||1
2801010||||||0|||student@123|||1
2028031||||||0|||student@123|||1
2027901||||||0|||student@123|||1
2105738||||||0|||student@123|||1
1103359||||||0|||student@123|||1
2028872||||||0|||student@123|||1
5700170||||||0|||student@123|||1
2106295||||||0|||student@123|||1
3402848||||||0|||student@123|||1
2407394||||||0|||student@123|||1
2027883||||||0|||student@123|||1
2701224||||||0|||student@123|||1
5900082||||||0|||student@123|||1
4000446||||||0|||student@123|||1
2029281||||||0|||student@123|||1
2105729||||||0|||student@123|||1
2407602||||||0|||student@123|||1
2407114||||||0|||student@123|||1
2028786||||||0|||student@123|||1
2106212||||||0|||student@123|||1
2028051||||||0|||student@123|||1
2027594||||||0|||student@123|||1
3403036||||||0|||student@123|||1
2027923||||||0|||student@123|||1
4500167||||||0|||student@123|||1
2105964||||||0|||student@123|||1
2028270||||||0|||student@123|||1
4500174||||||0|||student@123|||1
2407422||||||0|||student@123|||1
2407714||||||0|||student@123|||1
1103719||||||0|||student@123|||1
2105998||||||0|||student@123|||1
2105776||||||0|||student@123|||1
2029424||||||0|||student@123|||1
6200210||||||0|||student@123|||1
3600839||||||0|||student@123|||1
2028110||||||0|||student@123|||1
2028250||||||0|||student@123|||1
2105828||||||0|||student@123|||1
2028862||||||0|||student@123|||1
2105778||||||0|||student@123|||1
2027855||||||0|||student@123|||1
4000423||||||0|||student@123|||1
3402864||||||0|||student@123|||1
2028107||||||0|||student@123|||1
2106105||||||0|||student@123|||1
2028300||||||0|||student@123|||1
2407766||||||0|||student@123|||1
3800420||||||0|||student@123|||1
2027564||||||0|||student@123|||1
2106322||||||0|||student@123|||1
4300211||||||0|||student@123|||1
3800417||||||0|||student@123|||1
2106487||||||0|||student@123|||1
2027700||||||0|||student@123|||1
2106169||||||0|||student@123|||1
2027814||||||0|||student@123|||1
2028226||||||0|||student@123|||1
2029427||||||0|||student@123|||1
2407436||||||0|||student@123|||1
2407089||||||0|||student@123|||1
2028997||||||0|||student@123|||1
3403011||||||0|||student@123|||1
1103783||||||0|||student@123|||1
2028206||||||0|||student@123|||1
1103407||||||0|||student@123|||1
2030398||||||0|||student@123|||1
2030391||||||0|||student@123|||1
2106027||||||0|||student@123|||1
2028280||||||0|||student@123|||1
2406902||||||0|||student@123|||1
2029258||||||0|||student@123|||1
6200124||||||0|||student@123|||1
1103728||||||0|||student@123|||1
3403034||||||0|||student@123|||1
2027984||||||0|||student@123|||1
2105791||||||0|||student@123|||1
3403014||||||0|||student@123|||1
2106099||||||0|||student@123|||1
2800978||||||0|||student@123|||1
5500077||||||0|||student@123|||1
2028072||||||0|||student@123|||1
2028867||||||0|||student@123|||1
4000435||||||0|||student@123|||1
6200127||||||0|||student@123|||1
2028750||||||0|||student@123|||1
2105692||||||0|||student@123|||1
2407675||||||0|||student@123|||1
2027592||||||0|||student@123|||1
2028466||||||0|||student@123|||1
3800416||||||0|||student@123|||1
2407106||||||0|||student@123|||1
6700008||||||0|||student@123|||1
4000422||||||0|||student@123|||1
1900457||||||0|||student@123|||1
4000449||||||0|||student@123|||1
2028771||||||0|||student@123|||1
2407231||||||0|||student@123|||1
2106140||||||0|||student@123|||1
1800533||||||0|||student@123|||1
5900087||||||0|||student@123|||1
4100463||||||0|||student@123|||1
2028510||||||0|||student@123|||1
2028144||||||0|||student@123|||1
2028177||||||0|||student@123|||1
2029147||||||0|||student@123|||1
2407548||||||0|||student@123|||1
2028283||||||0|||student@123|||1
2105677||||||0|||student@123|||1
1103730||||||0|||student@123|||1
2027935||||||0|||student@123|||1
2701068||||||0|||student@123|||1
2028707||||||0|||student@123|||1
2106280||||||0|||student@123|||1
2105699||||||0|||student@123|||1
2105933||||||0|||student@123|||1
3402985||||||0|||student@123|||1
1103705||||||0|||student@123|||1
2106064||||||0|||student@123|||1
2029370||||||0|||student@123|||1
2029020||||||0|||student@123|||1
2701091||||||0|||student@123|||1
2027648||||||0|||student@123|||1
2407072||||||0|||student@123|||1
2106449||||||0|||student@123|||1
2407742||||||0|||student@123|||1
2027977||||||0|||student@123|||1
2027908||||||0|||student@123|||1
3600777||||||0|||student@123|||1
3403046||||||0|||student@123|||1
2028668||||||0|||student@123|||1
2106094||||||0|||student@123|||1
4300223||||||0|||student@123|||1
2028003||||||0|||student@123|||1
2407000||||||0|||student@123|||1
4700086||||||0|||student@123|||1
2407186||||||0|||student@123|||1
3500577||||||0|||student@123|||1
2106200||||||0|||student@123|||1
2027742||||||0|||student@123|||1
2300475||||||0|||student@123|||1
3403048||||||0|||student@123|||1
2406905||||||0|||student@123|||1
2027510||||||0|||student@123|||1
2029331||||||0|||student@123|||1
6800007||||||0|||student@123|||1
1103733||||||0|||student@123|||1
4000438||||||0|||student@123|||1
2029433||||||0|||student@123|||1
2028104||||||0|||student@123|||1
2027737||||||0|||student@123|||1
1103769||||||0|||student@123|||1
4100452||||||0|||student@123|||1
2201070||||||0|||student@123|||1
2027682||||||0|||student@123|||1
1103598||||||0|||student@123|||1
2029088||||||0|||student@123|||1
2028392||||||0|||student@123|||1
2407023||||||0|||student@123|||1
2106016||||||0|||student@123|||1
2027638||||||0|||student@123|||1
1602576||||||0|||student@123|||1
6200128||||||0|||student@123|||1
2106323||||||0|||student@123|||1
2407205||||||0|||student@123|||1
3403037||||||0|||student@123|||1
2407601||||||0|||student@123|||1
3403029||||||0|||student@123|||1
2105940||||||0|||student@123|||1
2105935||||||0|||student@123|||1
2028192||||||0|||student@123|||1
2028787||||||0|||student@123|||1
2406921||||||0|||student@123|||1
2407608||||||0|||student@123|||1
1103500||||||0|||student@123|||1
2407354||||||0|||student@123|||1
2105795||||||0|||student@123|||1
2106423||||||0|||student@123|||1
2030392||||||0|||student@123|||1
1103633||||||0|||student@123|||1
2106069||||||0|||student@123|||1
2029466||||||0|||student@123|||1
2029119||||||0|||student@123|||1
2028475||||||0|||student@123|||1
2028840||||||0|||student@123|||1
3402952||||||0|||student@123|||1
1103471||||||0|||student@123|||1
2027699||||||0|||student@123|||1
2105728||||||0|||student@123|||1
3402847||||||0|||student@123|||1
2029400||||||0|||student@123|||1
2105754||||||0|||student@123|||1
2105665||||||0|||student@123|||1
2029336||||||0|||student@123|||1
3500553||||||0|||student@123|||1
2027980||||||0|||student@123|||1
2105765||||||0|||student@123|||1
2029430||||||0|||student@123|||1
2407416||||||0|||student@123|||1
2407133||||||0|||student@123|||1
2407614||||||0|||student@123|||1
2106455||||||0|||student@123|||1
1103588||||||0|||student@123|||1
2027968||||||0|||student@123|||1
3800407||||||0|||student@123|||1
2106358||||||0|||student@123|||1
2407273||||||0|||student@123|||1
2407018||||||0|||student@123|||1
2105630||||||0|||student@123|||1
1602580||||||0|||student@123|||1
1800527||||||0|||student@123|||1
2029487||||||0|||student@123|||1
2027752||||||0|||student@123|||1
3600829||||||0|||student@123|||1
2027882||||||0|||student@123|||1
2027749||||||0|||student@123|||1
2028432||||||0|||student@123|||1
2407046||||||0|||student@123|||1
2029013||||||0|||student@123|||1
3402884||||||0|||student@123|||1
2106255||||||0|||student@123|||1
1103726||||||0|||student@123|||1
2701060||||||0|||student@123|||1
2027857||||||0|||student@123|||1
2029325||||||0|||student@123|||1
2029327||||||0|||student@123|||1
6200139||||||0|||student@123|||1
3402849||||||0|||student@123|||1
4300212||||||0|||student@123|||1
2027947||||||0|||student@123|||1
2029445||||||0|||student@123|||1
4700098||||||0|||student@123|||1
2406998||||||0|||student@123|||1
2027662||||||0|||student@123|||1
2028725||||||0|||student@123|||1
3402927||||||0|||student@123|||1
2028904||||||0|||student@123|||1
2407369||||||0|||student@123|||1
4000448||||||0|||student@123|||1
2029048||||||0|||student@123|||1
6200193||||||0|||student@123|||1
2407017||||||0|||student@123|||1
1800514||||||0|||student@123|||1
2106448||||||0|||student@123|||1
4000415||||||0|||student@123|||1
1103360||||||0|||student@123|||1
2027906||||||0|||student@123|||1
1103735||||||0|||student@123|||1
1900462||||||0|||student@123|||1
1103583||||||0|||student@123|||1
2028018||||||0|||student@123|||1
2027644||||||0|||student@123|||1
1103672||||||0|||student@123|||1
2105924||||||0|||student@123|||1
2027721||||||0|||student@123|||1
2105789||||||0|||student@123|||1
2027552||||||0|||student@123|||1
2106186||||||0|||student@123|||1
3600848||||||0|||student@123|||1
2028019||||||0|||student@123|||1
2027555||||||0|||student@123|||1
1103480||||||0|||student@123|||1
2028988||||||0|||student@123|||1
2105936||||||0|||student@123|||1
2701253||||||0|||student@123|||1
1103545||||||0|||student@123|||1
2800960||||||0|||student@123|||1
2407449||||||0|||student@123|||1
2106320||||||0|||student@123|||1
2701246||||||0|||student@123|||1
4300230||||||0|||student@123|||1
1103770||||||0|||student@123|||1
2028137||||||0|||student@123|||1
2028022||||||0|||student@123|||1
2028377||||||0|||student@123|||1
2407165||||||0|||student@123|||1
1103466||||||0|||student@123|||1
2027876||||||0|||student@123|||1
2028650||||||0|||student@123|||1
2701150||||||0|||student@123|||1
2701256||||||0|||student@123|||1
2106307||||||0|||student@123|||1
3402953||||||0|||student@123|||1
2407005||||||0|||student@123|||1
2106233||||||0|||student@123|||1
2407402||||||0|||student@123|||1
2030397||||||0|||student@123|||1
2027784||||||0|||student@123|||1
1900456||||||0|||student@123|||1
2028223||||||0|||student@123|||1
2407413||||||0|||student@123|||1
2407071||||||0|||student@123|||1
2106297||||||0|||student@123|||1
2407472||||||0|||student@123|||1
3402922||||||0|||student@123|||1
6200150||||||0|||student@123|||1
2028215||||||0|||student@123|||1
2201058||||||0|||student@123|||1
2028978||||||0|||student@123|||1
2027775||||||0|||student@123|||1
2407078||||||0|||student@123|||1
2407187||||||0|||student@123|||1
2029136||||||0|||student@123|||1
4700088||||||0|||student@123|||1
1103489||||||0|||student@123|||1
2027681||||||0|||student@123|||1
2407346||||||0|||student@123|||1
1103355||||||0|||student@123|||1
1103584||||||0|||student@123|||1
2028853||||||0|||student@123|||1
2407293||||||0|||student@123|||1
2028808||||||0|||student@123|||1
3403010||||||0|||student@123|||1
2028185||||||0|||student@123|||1
2028699||||||0|||student@123|||1
2029118||||||0|||student@123|||1
2028882||||||0|||student@123|||1
3800404||||||0|||student@123|||1
3403028||||||0|||student@123|||1
1900476||||||0|||student@123|||1
2028433||||||0|||student@123|||1
2028371||||||0|||student@123|||1
2027587||||||0|||student@123|||1
1800531||||||0|||student@123|||1
2027511||||||0|||student@123|||1
2028460||||||0|||student@123|||1
2106208||||||0|||student@123|||1
2027967||||||0|||student@123|||1
3600799||||||0|||student@123|||1
3500576||||||0|||student@123|||1
2407628||||||0|||student@123|||1
2028739||||||0|||student@123|||1
2106292||||||0|||student@123|||1
2028133||||||0|||student@123|||1
2406930||||||0|||student@123|||1
2029140||||||0|||student@123|||1
2028391||||||0|||student@123|||1
2028698||||||0|||student@123|||1
2027804||||||0|||student@123|||1
6700011||||||0|||student@123|||1
2106446||||||0|||student@123|||1
1103690||||||0|||student@123|||1
2028151||||||0|||student@123|||1
2027736||||||0|||student@123|||1
2105838||||||0|||student@123|||1
2027617||||||0|||student@123|||1
2028264||||||0|||student@123|||1
4700085||||||0|||student@123|||1
2029025||||||0|||student@123|||1
2407234||||||0|||student@123|||1
2407515||||||0|||student@123|||1
2106467||||||0|||student@123|||1
2028266||||||0|||student@123|||1
2028307||||||0|||student@123|||1
2028277||||||0|||student@123|||1
2106222||||||0|||student@123|||1
2106238||||||0|||student@123|||1
3600778||||||0|||student@123|||1
2027507||||||0|||student@123|||1
2105664||||||0|||student@123|||1
6200194||||||0|||student@123|||1
1800518||||||0|||student@123|||1
4000409||||||0|||student@123|||1
1103561||||||0|||student@123|||1
2028661||||||0|||student@123|||1
2030396||||||0|||student@123|||1
2407269||||||0|||student@123|||1
2029368||||||0|||student@123|||1
2028640||||||0|||student@123|||1
2029158||||||0|||student@123|||1
2026211||||||0|||student@123|||1
2028508||||||0|||student@123|||1
2407056||||||0|||student@123|||1
2027696||||||0|||student@123|||1
2027998||||||0|||student@123|||1
1900453||||||0|||student@123|||1
2407250||||||0|||student@123|||1
2027959||||||0|||student@123|||1
2027861||||||0|||student@123|||1
2028132||||||0|||student@123|||1
1103677||||||0|||student@123|||1
3402913||||||0|||student@123|||1
2028295||||||0|||student@123|||1
3403003||||||0|||student@123|||1
2028100||||||0|||student@123|||1
2027695||||||0|||student@123|||1
2106434||||||0|||student@123|||1
6200123||||||0|||student@123|||1
2028404||||||0|||student@123|||1
2027578||||||0|||student@123|||1
2028048||||||0|||student@123|||1
3800423||||||0|||student@123|||1
2027943||||||0|||student@123|||1
1103586||||||0|||student@123|||1
2407658||||||0|||student@123|||1
2028871||||||0|||student@123|||1
2407420||||||0|||student@123|||1
3500561||||||0|||student@123|||1
2028875||||||0|||student@123|||1
2701136||||||0|||student@123|||1
1103383||||||0|||student@123|||1
2027833||||||0|||student@123|||1
2029275||||||0|||student@123|||1
2029163||||||0|||student@123|||1
1103736||||||0|||student@123|||1
2701211||||||0|||student@123|||1
3600814||||||0|||student@123|||1
2800993||||||0|||student@123|||1
2029167||||||0|||student@123|||1
2407676||||||0|||student@123|||1
3600818||||||0|||student@123|||1
2027674||||||0|||student@123|||1
2407417||||||0|||student@123|||1
2027590||||||0|||student@123|||1
2028673||||||0|||student@123|||1
2106241||||||0|||student@123|||1
3600856||||||0|||student@123|||1
2201053||||||0|||student@123|||1
2407418||||||0|||student@123|||1
2105659||||||0|||student@123|||1
2027613||||||0|||student@123|||1
2028091||||||0|||student@123|||1
2201073||||||0|||student@123|||1
2407421||||||0|||student@123|||1
2028084||||||0|||student@123|||1
2800990||||||0|||student@123|||1
2407138||||||0|||student@123|||1
2027694||||||0|||student@123|||1
2106145||||||0|||student@123|||1
1103422||||||0|||student@123|||1
6200149||||||0|||student@123|||1
2029461||||||0|||student@123|||1
2028317||||||0|||student@123|||1
2106020||||||0|||student@123|||1
2027532||||||0|||student@123|||1
2029478||||||0|||student@123|||1
2027503||||||0|||student@123|||1
2406942||||||0|||student@123|||1
2407058||||||0|||student@123|||1
1103562||||||0|||student@123|||1
2106063||||||0|||student@123|||1
2701097||||||0|||student@123|||1
2028637||||||0|||student@123|||1
2407094||||||0|||student@123|||1
2407704||||||0|||student@123|||1
5500073||||||0|||student@123|||1
3402987||||||0|||student@123|||1
1103631||||||0|||student@123|||1
2028024||||||0|||student@123|||1
6200165||||||0|||student@123|||1
2105834||||||0|||student@123|||1
1103501||||||0|||student@123|||1
4600032||||||0|||student@123|||1
2106486||||||0|||student@123|||1
3402920||||||0|||student@123|||1
6200180||||||0|||student@123|||1
2028850||||||0|||student@123|||1
1103715||||||0|||student@123|||1
2028159||||||0|||student@123|||1
6200141||||||0|||student@123|||1
3402967||||||0|||student@123|||1
2106461||||||0|||student@123|||1
3600790||||||0|||student@123|||1
2028898||||||0|||student@123|||1
2800992||||||0|||student@123|||1
2105640||||||0|||student@123|||1
2029007||||||0|||student@123|||1
2407643||||||0|||student@123|||1
2027724||||||0|||student@123|||1
2407491||||||0|||student@123|||1
2407241||||||0|||student@123|||1
2106190||||||0|||student@123|||1
2028181||||||0|||student@123|||1
2028396||||||0|||student@123|||1
2701066||||||0|||student@123|||1
2029313||||||0|||student@123|||1
3600782||||||0|||student@123|||1
2407022||||||0|||student@123|||1
1103696||||||0|||student@123|||1
2701179||||||0|||student@123|||1
2028636||||||0|||student@123|||1
4100460||||||0|||student@123|||1
2106087||||||0|||student@123|||1
2027521||||||0|||student@123|||1
2029057||||||0|||student@123|||1
3600817||||||0|||student@123|||1
2028735||||||0|||student@123|||1
4500160||||||0|||student@123|||1
1602564||||||0|||student@123|||1
2701244||||||0|||student@123|||1
2027890||||||0|||student@123|||1
2027509||||||0|||student@123|||1
1602569||||||0|||student@123|||1
2028818||||||0|||student@123|||1
6800004||||||0|||student@123|||1
2028182||||||0|||student@123|||1
2028070||||||0|||student@123|||1
2028729||||||0|||student@123|||1
2027970||||||0|||student@123|||1
2028312||||||0|||student@123|||1
2105816||||||0|||student@123|||1
2701118||||||0|||student@123|||1
3402861||||||0|||student@123|||1
2201059||||||0|||student@123|||1
1103418||||||0|||student@123|||1
2028149||||||0|||student@123|||1
3402905||||||0|||student@123|||1
2105995||||||0|||student@123|||1
2028452||||||0|||student@123|||1
1800522||||||0|||student@123|||1
2028258||||||0|||student@123|||1
2105859||||||0|||student@123|||1
2028832||||||0|||student@123|||1
2407265||||||0|||student@123|||1
2801009||||||0|||student@123|||1
2407121||||||0|||student@123|||1
2027788||||||0|||student@123|||1
3402812||||||0|||student@123|||1
2106019||||||0|||student@123|||1
2028121||||||0|||student@123|||1
2029481||||||0|||student@123|||1
2106352||||||0|||student@123|||1
2027731||||||0|||student@123|||1
2027854||||||0|||student@123|||1
3402836||||||0|||student@123|||1
2407716||||||0|||student@123|||1
2407485||||||0|||student@123|||1
2106431||||||0|||student@123|||1
2801008||||||0|||student@123|||1
2028398||||||0|||student@123|||1
5600106||||||0|||student@123|||1
2701069||||||0|||student@123|||1
2027881||||||0|||student@123|||1
3500584||||||0|||student@123|||1
2105687||||||0|||student@123|||1
2028208||||||0|||student@123|||1
2029439||||||0|||student@123|||1
2407282||||||0|||student@123|||1
2407294||||||0|||student@123|||1
2027756||||||0|||student@123|||1
1500023||||||0|||student@123|||1
2105800||||||0|||student@123|||1
1103731||||||0|||student@123|||1
2407045||||||0|||student@123|||1
2028854||||||0|||student@123|||1
1103477||||||0|||student@123|||1
2800962||||||0|||student@123|||1
2027795||||||0|||student@123|||1
2028173||||||0|||student@123|||1
2406915||||||0|||student@123|||1
2407536||||||0|||student@123|||1
2407275||||||0|||student@123|||1
2407087||||||0|||student@123|||1
3402994||||||0|||student@123|||1
2105636||||||0|||student@123|||1
2028117||||||0|||student@123|||1
1103717||||||0|||student@123|||1
3402903||||||0|||student@123|||1
2028027||||||0|||student@123|||1
2701106||||||0|||student@123|||1
2406964||||||0|||student@123|||1
1103367||||||0|||student@123|||1
2028842||||||0|||student@123|||1
5700153||||||0|||student@123|||1
2028643||||||0|||student@123|||1
2028118||||||0|||student@123|||1
3403017||||||0|||student@123|||1
2105719||||||0|||student@123|||1
2701079||||||0|||student@123|||1
2105845||||||0|||student@123|||1
2406999||||||0|||student@123|||1
2028999||||||0|||student@123|||1
1103712||||||0|||student@123|||1
2407735||||||0|||student@123|||1
2106031||||||0|||student@123|||1
2028251||||||0|||student@123|||1
4500172||||||0|||student@123|||1
2407617||||||0|||student@123|||1
2201074||||||0|||student@123|||1
3403042||||||0|||student@123|||1
2106421||||||0|||student@123|||1
2029149||||||0|||student@123|||1
2028802||||||0|||student@123|||1
2106003||||||0|||student@123|||1
1103611||||||0|||student@123|||1
2028795||||||0|||student@123|||1
4000405||||||0|||student@123|||1
2701247||||||0|||student@123|||1
2105739||||||0|||student@123|||1
1103569||||||0|||student@123|||1
2800953||||||0|||student@123|||1
2407659||||||0|||student@123|||1
2106251||||||0|||student@123|||1
4000407||||||0|||student@123|||1
5900086||||||0|||student@123|||1
2407664||||||0|||student@123|||1
1103701||||||0|||student@123|||1
2105837||||||0|||student@123|||1
2407615||||||0|||student@123|||1
2407367||||||0|||student@123|||1
1103547||||||0|||student@123|||1
2027850||||||0|||student@123|||1
2801005||||||0|||student@123|||1
1103444||||||0|||student@123|||1
2201057||||||0|||student@123|||1
2029080||||||0|||student@123|||1
3403005||||||0|||student@123|||1
2027628||||||0|||student@123|||1
3402938||||||0|||student@123|||1
2701163||||||0|||student@123|||1
2029064||||||0|||student@123|||1
2407415||||||0|||student@123|||1
5700166||||||0|||student@123|||1
3403002||||||0|||student@123|||1
4500164||||||0|||student@123|||1
1800507||||||0|||student@123|||1
2407383||||||0|||student@123|||1
2105648||||||0|||student@123|||1
2300476||||||0|||student@123|||1
4300221||||||0|||student@123|||1
2407177||||||0|||student@123|||1
2028690||||||0|||student@123|||1
2106495||||||0|||student@123|||1
2028440||||||0|||student@123|||1
2027533||||||0|||student@123|||1
1103423||||||0|||student@123|||1
2106411||||||0|||student@123|||1
2701137||||||0|||student@123|||1
5700162||||||0|||student@123|||1
4000408||||||0|||student@123|||1
2028767||||||0|||student@123|||1
2106264||||||0|||student@123|||1
2407074||||||0|||student@123|||1
2105610||||||0|||student@123|||1
2027580||||||0|||student@123|||1
2407030||||||0|||student@123|||1
2106102||||||0|||student@123|||1
2027982||||||0|||student@123|||1
4000401||||||0|||student@123|||1
2029376||||||0|||student@123|||1
1103637||||||0|||student@123|||1
6200153||||||0|||student@123|||1
3600820||||||0|||student@123|||1
2800994||||||0|||student@123|||1
2407545||||||0|||student@123|||1
5700152||||||0|||student@123|||1
2106082||||||0|||student@123|||1
2105949||||||0|||student@123|||1
2029394||||||0|||student@123|||1
2029407||||||0|||student@123|||1
2029116||||||0|||student@123|||1
2028816||||||0|||student@123|||1
1103596||||||0|||student@123|||1
2105721||||||0|||student@123|||1
2701100||||||0|||student@123|||1
2028033||||||0|||student@123|||1
2407153||||||0|||student@123|||1
2701123||||||0|||student@123|||1
2407634||||||0|||student@123|||1
2407499||||||0|||student@123|||1
2028225||||||0|||student@123|||1
2407373||||||0|||student@123|||1
3600779||||||0|||student@123|||1
2407396||||||0|||student@123|||1
6900002||||||0|||student@123|||1
2029266||||||0|||student@123|||1
3402859||||||0|||student@123|||1
1103693||||||0|||student@123|||1
3500574||||||0|||student@123|||1
2027862||||||0|||student@123|||1
1602561||||||0|||student@123|||1
3402979||||||0|||student@123|||1
2407201||||||0|||student@123|||1
2027579||||||0|||student@123|||1
2406982||||||0|||student@123|||1
2201061||||||0|||student@123|||1
2027777||||||0|||student@123|||1
2407691||||||0|||student@123|||1
2105696||||||0|||student@123|||1
2028851||||||0|||student@123|||1
2028427||||||0|||student@123|||1
4100476||||||0|||student@123|||1
2028700||||||0|||student@123|||1
1103370||||||0|||student@123|||1
2027751||||||0|||student@123|||1
2028168||||||0|||student@123|||1
2407182||||||0|||student@123|||1
2029011||||||0|||student@123|||1
2105607||||||0|||student@123|||1
2407359||||||0|||student@123|||1
2407475||||||0|||student@123|||1
1800505||||||0|||student@123|||1
2105946||||||0|||student@123|||1
2701170||||||0|||student@123|||1
3402816||||||0|||student@123|||1
2106494||||||0|||student@123|||1
2105805||||||0|||student@123|||1
4600042||||||0|||student@123|||1
2029074||||||0|||student@123|||1
2106109||||||0|||student@123|||1
2106118||||||0|||student@123|||1
2028126||||||0|||student@123|||1
2027678||||||0|||student@123|||1
2106210||||||0|||student@123|||1
2701102||||||0|||student@123|||1
2105784||||||0|||student@123|||1
2701177||||||0|||student@123|||1
2407162||||||0|||student@123|||1
2027708||||||0|||student@123|||1
2407176||||||0|||student@123|||1
2406957||||||0|||student@123|||1
2106018||||||0|||student@123|||1
2027516||||||0|||student@123|||1
1103431||||||0|||student@123|||1
2028647||||||0|||student@123|||1
3402862||||||0|||student@123|||1
1602558||||||0|||student@123|||1
2105723||||||0|||student@123|||1
2028002||||||0|||student@123|||1
3402996||||||0|||student@123|||1
2028804||||||0|||student@123|||1
2027975||||||0|||student@123|||1
2027603||||||0|||student@123|||1
2105956||||||0|||student@123|||1
2406927||||||0|||student@123|||1
2027954||||||0|||student@123|||1
2407370||||||0|||student@123|||1
2106288||||||0|||student@123|||1
2028395||||||0|||student@123|||1
2027945||||||0|||student@123|||1
2105750||||||0|||student@123|||1
2027553||||||0|||student@123|||1
2027821||||||0|||student@123|||1
5700161||||||0|||student@123|||1
2028672||||||0|||student@123|||1
2105871||||||0|||student@123|||1
2106361||||||0|||student@123|||1
2028819||||||0|||student@123|||1
2106325||||||0|||student@123|||1
1103388||||||0|||student@123|||1
2407509||||||0|||student@123|||1
1103558||||||0|||student@123|||1
2027585||||||0|||student@123|||1
4100480||||||0|||student@123|||1
1103590||||||0|||student@123|||1
2407208||||||0|||student@123|||1
2028633||||||0|||student@123|||1
2027609||||||0|||student@123|||1
2028000||||||0|||student@123|||1
6200143||||||0|||student@123|||1
2030876||||||0|||student@123|||1
2029183||||||0|||student@123|||1
2029366||||||0|||student@123|||1
2106150||||||0|||student@123|||1
2028721||||||0|||student@123|||1
2105883||||||0|||student@123|||1
2407496||||||0|||student@123|||1
2029414||||||0|||student@123|||1
2029202||||||0|||student@123|||1
2027728||||||0|||student@123|||1
2028444||||||0|||student@123|||1
2027537||||||0|||student@123|||1
2029422||||||0|||student@123|||1
2029010||||||0|||student@123|||1
1602587||||||0|||student@123|||1
2028026||||||0|||student@123|||1
3600800||||||0|||student@123|||1
3600821||||||0|||student@123|||1
4000417||||||0|||student@123|||1
2027704||||||0|||student@123|||1
2406969||||||0|||student@123|||1
2407368||||||0|||student@123|||1
1103417||||||0|||student@123|||1
2701192||||||0|||student@123|||1
4700087||||||0|||student@123|||1
2028060||||||0|||student@123|||1
3403038||||||0|||student@123|||1
2028706||||||0|||student@123|||1
6200163||||||0|||student@123|||1
2105886||||||0|||student@123|||1
2028314||||||0|||student@123|||1
2105882||||||0|||student@123|||1
1103671||||||0|||student@123|||1
2701166||||||0|||student@123|||1
2407146||||||0|||student@123|||1
2028020||||||0|||student@123|||1
3600766||||||0|||student@123|||1
2028029||||||0|||student@123|||1
1800513||||||0|||student@123|||1
2407693||||||0|||student@123|||1
2407261||||||0|||student@123|||1
2701168||||||0|||student@123|||1
2028212||||||0|||student@123|||1
2406988||||||0|||student@123|||1
2106440||||||0|||student@123|||1
2028485||||||0|||student@123|||1
1103365||||||0|||student@123|||1
2028656||||||0|||student@123|||1
2029162||||||0|||student@123|||1
4600052||||||0|||student@123|||1
2701201||||||0|||student@123|||1
2027929||||||0|||student@123|||1
2029381||||||0|||student@123|||1
5700163||||||0|||student@123|||1
2028308||||||0|||student@123|||1
1103778||||||0|||student@123|||1
2407552||||||0|||student@123|||1
2106231||||||0|||student@123|||1
2028384||||||0|||student@123|||1
2106271||||||0|||student@123|||1
2029488||||||0|||student@123|||1
2028868||||||0|||student@123|||1
3403000||||||0|||student@123|||1
1103511||||||0|||student@123|||1
2407637||||||0|||student@123|||1
2028045||||||0|||student@123|||1
2105704||||||0|||student@123|||1
2027765||||||0|||student@123|||1
2407333||||||0|||student@123|||1
1800532||||||0|||student@123|||1
6200140||||||0|||student@123|||1
2105921||||||0|||student@123|||1
1103395||||||0|||student@123|||1
1103751||||||0|||student@123|||1
2800959||||||0|||student@123|||1
2407372||||||0|||student@123|||1
2029464||||||0|||student@123|||1
2407196||||||0|||student@123|||1
2028255||||||0|||student@123|||1
2029061||||||0|||student@123|||1
2407214||||||0|||student@123|||1
2028115||||||0|||student@123|||1
2027763||||||0|||student@123|||1
1900481||||||0|||student@123|||1
1103473||||||0|||student@123|||1
5700168||||||0|||student@123|||1
2029315||||||0|||student@123|||1
2028621||||||0|||student@123|||1
2106350||||||0|||student@123|||1
3402925||||||0|||student@123|||1
2701169||||||0|||student@123|||1
2106039||||||0|||student@123|||1
2701088||||||0|||student@123|||1
2407166||||||0|||student@123|||1
2028246||||||0|||student@123|||1
6800009||||||0|||student@123|||1
3402956||||||0|||student@123|||1
2027997||||||0|||student@123|||1
2027856||||||0|||student@123|||1
2701209||||||0|||student@123|||1
2027710||||||0|||student@123|||1
2027956||||||0|||student@123|||1
2701080||||||0|||student@123|||1
2028134||||||0|||student@123|||1
2028516||||||0|||student@123|||1
2406990||||||0|||student@123|||1
3402982||||||0|||student@123|||1
2027518||||||0|||student@123|||1
3600847||||||0|||student@123|||1
2407736||||||0|||student@123|||1
3403032||||||0|||student@123|||1
2027651||||||0|||student@123|||1
2028254||||||0|||student@123|||1
2106388||||||0|||student@123|||1
1103523||||||0|||student@123|||1
2028755||||||0|||student@123|||1
2701181||||||0|||student@123|||1
2407320||||||0|||student@123|||1
2105929||||||0|||student@123|||1
2105772||||||0|||student@123|||1
2028191||||||0|||student@123|||1
1800508||||||0|||student@123|||1
2407140||||||0|||student@123|||1
2029044||||||0|||student@123|||1
2105691||||||0|||student@123|||1
3402854||||||0|||student@123|||1
2029157||||||0|||student@123|||1
2407003||||||0|||student@123|||1
2407557||||||0|||student@123|||1
2029330||||||0|||student@123|||1
2029047||||||0|||student@123|||1
2106257||||||0|||student@123|||1
2029082||||||0|||student@123|||1
2105766||||||0|||student@123|||1
3402955||||||0|||student@123|||1
2029421||||||0|||student@123|||1
2027687||||||0|||student@123|||1
3403022||||||0|||student@123|||1
2027919||||||0|||student@123|||1
3402910||||||0|||student@123|||1
2407264||||||0|||student@123|||1
2029058||||||0|||student@123|||1
3402888||||||0|||student@123|||1
2105775||||||0|||student@123|||1
4000442||||||0|||student@123|||1
3402801||||||0|||student@123|||1
2407656||||||0|||student@123|||1
2406956||||||0|||student@123|||1
1103529||||||0|||student@123|||1
2028158||||||0|||student@123|||1
2105803||||||0|||student@123|||1
2028494||||||0|||student@123|||1
2029159||||||0|||student@123|||1
2406983||||||0|||student@123|||1
2106216||||||0|||student@123|||1
2105682||||||0|||student@123|||1
2800969||||||0|||student@123|||1
2027713||||||0|||student@123|||1
3600756||||||0|||student@123|||1
2407508||||||0|||student@123|||1
2029420||||||0|||student@123|||1
2028815||||||0|||student@123|||1
2407381||||||0|||student@123|||1
2028093||||||0|||student@123|||1
3403043||||||0|||student@123|||1
1103576||||||0|||student@123|||1
2407352||||||0|||student@123|||1
1103575||||||0|||student@123|||1
2027981||||||0|||student@123|||1
1602555||||||0|||student@123|||1
2028405||||||0|||student@123|||1
2106182||||||0|||student@123|||1
3402972||||||0|||student@123|||1
3403054||||||0|||student@123|||1
2701124||||||0|||student@123|||1
2407460||||||0|||student@123|||1
2028608||||||0|||student@123|||1
2028915||||||0|||student@123|||1
2407514||||||0|||student@123|||1
2029367||||||0|||student@123|||1
2028101||||||0|||student@123|||1
3402973||||||0|||student@123|||1
2027812||||||0|||student@123|||1
2106412||||||0|||student@123|||1
3402902||||||0|||student@123|||1
2406929||||||0|||student@123|||1
2407636||||||0|||student@123|||1
2407257||||||0|||student@123|||1
2406923||||||0|||student@123|||1
3600792||||||0|||student@123|||1
2028665||||||0|||student@123|||1
2105787||||||0|||student@123|||1
2407347||||||0|||student@123|||1
2028807||||||0|||student@123|||1
2105916||||||0|||student@123|||1
2407351||||||0|||student@123|||1
2407423||||||0|||student@123|||1
2029321||||||0|||student@123|||1
2027868||||||0|||student@123|||1
2105744||||||0|||student@123|||1
6200155||||||0|||student@123|||1
2105730||||||0|||student@123|||1
2407622||||||0|||student@123|||1
2407041||||||0|||student@123|||1
3402924||||||0|||student@123|||1
2029241||||||0|||student@123|||1
2029245||||||0|||student@123|||1
2407085||||||0|||student@123|||1
2105792||||||0|||student@123|||1
2106178||||||0|||student@123|||1
2106408||||||0|||student@123|||1
1103609||||||0|||student@123|||1
1103618||||||0|||student@123|||1
1500024||||||0|||student@123|||1
1103762||||||0|||student@123|||1
2105839||||||0|||student@123|||1
2027673||||||0|||student@123|||1
3402806||||||0|||student@123|||1
2106225||||||0|||student@123|||1
2406917||||||0|||student@123|||1
6200160||||||0|||student@123|||1
1602571||||||0|||student@123|||1
1103603||||||0|||student@123|||1
2407280||||||0|||student@123|||1
2407486||||||0|||student@123|||1
3500560||||||0|||student@123|||1
2028463||||||0|||student@123|||1
2027554||||||0|||student@123|||1
2701122||||||0|||student@123|||1
3402890||||||0|||student@123|||1
2407099||||||0|||student@123|||1
2028746||||||0|||student@123|||1
3402875||||||0|||student@123|||1
2407501||||||0|||student@123|||1
4300222||||||0|||student@123|||1
2801007||||||0|||student@123|||1
2106042||||||0|||student@123|||1
2106004||||||0|||student@123|||1
2407435||||||0|||student@123|||1
1103758||||||0|||student@123|||1
4000437||||||0|||student@123|||1
2027898||||||0|||student@123|||1
3403012||||||0|||student@123|||1
1103749||||||0|||student@123|||1
2028040||||||0|||student@123|||1
1103496||||||0|||student@123|||1
2407301||||||0|||student@123|||1
2028030||||||0|||student@123|||1
3402834||||||0|||student@123|||1
2105725||||||0|||student@123|||1
1800506||||||0|||student@123|||1
2106335||||||0|||student@123|||1
2027932||||||0|||student@123|||1
2028087||||||0|||student@123|||1
3402948||||||0|||student@123|||1
2106056||||||0|||student@123|||1
2027701||||||0|||student@123|||1
2029389||||||0|||student@123|||1
2027895||||||0|||student@123|||1
2029153||||||0|||student@123|||1
2106317||||||0|||student@123|||1
2106450||||||0|||student@123|||1
2028388||||||0|||student@123|||1
5700173||||||0|||student@123|||1
3402971||||||0|||student@123|||1
2407661||||||0|||student@123|||1
2105958||||||0|||student@123|||1
2407497||||||0|||student@123|||1
2028156||||||0|||student@123|||1
2701213||||||0|||student@123|||1
2407395||||||0|||student@123|||1
2028210||||||0|||student@123|||1
2106001||||||0|||student@123|||1
2407312||||||0|||student@123|||1
2028285||||||0|||student@123|||1
2701161||||||0|||student@123|||1
2029384||||||0|||student@123|||1
2028691||||||0|||student@123|||1
2028289||||||0|||student@123|||1
1103528||||||0|||student@123|||1
2028718||||||0|||student@123|||1
3600855||||||0|||student@123|||1
2027702||||||0|||student@123|||1
2407697||||||0|||student@123|||1
2027637||||||0|||student@123|||1
2407520||||||0|||student@123|||1
2028629||||||0|||student@123|||1
2407277||||||0|||student@123|||1
6200157||||||0|||student@123|||1
2407694||||||0|||student@123|||1
2028053||||||0|||student@123|||1
2406959||||||0|||student@123|||1
2106418||||||0|||student@123|||1
1103549||||||0|||student@123|||1
2028228||||||0|||student@123|||1
2027567||||||0|||student@123|||1
2407687||||||0|||student@123|||1
2028423||||||0|||student@123|||1
2800996||||||0|||student@123|||1
2029115||||||0|||student@123|||1
3402887||||||0|||student@123|||1
2027747||||||0|||student@123|||1
2028916||||||0|||student@123|||1
2027599||||||0|||student@123|||1
1103614||||||0|||student@123|||1
2701242||||||0|||student@123|||1
3402908||||||0|||student@123|||1
2407331||||||0|||student@123|||1
1103698||||||0|||student@123|||1
2105684||||||0|||student@123|||1
2027770||||||0|||student@123|||1
2029076||||||0|||student@123|||1
2105782||||||0|||student@123|||1
2029263||||||0|||student@123|||1
2029004||||||0|||student@123|||1
2028287||||||0|||student@123|||1
3402807||||||0|||student@123|||1
4100456||||||0|||student@123|||1
2028064||||||0|||student@123|||1
2028416||||||0|||student@123|||1
2106427||||||0|||student@123|||1
3600836||||||0|||student@123|||1
2105806||||||0|||student@123|||1
2028489||||||0|||student@123|||1
2028848||||||0|||student@123|||1
2106239||||||0|||student@123|||1
1103607||||||0|||student@123|||1
1900474||||||0|||student@123|||1
6200161||||||0|||student@123|||1
2105602||||||0|||student@123|||1
2105619||||||0|||student@123|||1
2106164||||||0|||student@123|||1
1103702||||||0|||student@123|||1
2028865||||||0|||student@123|||1
1800503||||||0|||student@123|||1
4000425||||||0|||student@123|||1
2106407||||||0|||student@123|||1
3600763||||||0|||student@123|||1
2027744||||||0|||student@123|||1
2029052||||||0|||student@123|||1
2029208||||||0|||student@123|||1
3402983||||||0|||student@123|||1
2407426||||||0|||student@123|||1
4400259||||||0|||student@123|||1
2106196||||||0|||student@123|||1
1103441||||||0|||student@123|||1
2701219||||||0|||student@123|||1
4600045||||||0|||student@123|||1
2028742||||||0|||student@123|||1
4300217||||||0|||student@123|||1
2105670||||||0|||student@123|||1
2407131||||||0|||student@123|||1
3402830||||||0|||student@123|||1
2029387||||||0|||student@123|||1
6200189||||||0|||student@123|||1
1103524||||||0|||student@123|||1
1103434||||||0|||student@123|||1
2201065||||||0|||student@123|||1
2028497||||||0|||student@123|||1
2407270||||||0|||student@123|||1
2800968||||||0|||student@123|||1
2027711||||||0|||student@123|||1
2106340||||||0|||student@123|||1
2106458||||||0|||student@123|||1
6200206||||||0|||student@123|||1
1900461||||||0|||student@123|||1
2029160||||||0|||student@123|||1
3402818||||||0|||student@123|||1
2029173||||||0|||student@123|||1
4500169||||||0|||student@123|||1
2106316||||||0|||student@123|||1
1103685||||||0|||student@123|||1
2106055||||||0|||student@123|||1
2029282||||||0|||student@123|||1
1103494||||||0|||student@123|||1
2030387||||||0|||student@123|||1
3403030||||||0|||student@123|||1
2027798||||||0|||student@123|||1
2028257||||||0|||student@123|||1
2028499||||||0|||student@123|||1
2106339||||||0|||student@123|||1
2029067||||||0|||student@123|||1
2701086||||||0|||student@123|||1
1800525||||||0|||student@123|||1
2028262||||||0|||student@123|||1
2406908||||||0|||student@123|||1
2105624||||||0|||student@123|||1
2029408||||||0|||student@123|||1
2701075||||||0|||student@123|||1
2407768||||||0|||student@123|||1
2028200||||||0|||student@123|||1
2105669||||||0|||student@123|||1
2701151||||||0|||student@123|||1
6200178||||||0|||student@123|||1
2105824||||||0|||student@123|||1
2028740||||||0|||student@123|||1
2027913||||||0|||student@123|||1
2105649||||||0|||student@123|||1
2028055||||||0|||student@123|||1
1602590||||||0|||student@123|||1
2028157||||||0|||student@123|||1
2027723||||||0|||student@123|||1
2029022||||||0|||student@123|||1
2028386||||||0|||student@123|||1
2028469||||||0|||student@123|||1
3402941||||||0|||student@123|||1
2027963||||||0|||student@123|||1
2029322||||||0|||student@123|||1
2106100||||||0|||student@123|||1
2106260||||||0|||student@123|||1
2029019||||||0|||student@123|||1
2105701||||||0|||student@123|||1
2027593||||||0|||student@123|||1
2407651||||||0|||student@123|||1
3403035||||||0|||student@123|||1
2407007||||||0|||student@123|||1
1103608||||||0|||student@123|||1
1103521||||||0|||student@123|||1
2106319||||||0|||student@123|||1
2407470||||||0|||student@123|||1
2106061||||||0|||student@123|||1
1103781||||||0|||student@123|||1
2028309||||||0|||student@123|||1
2029065||||||0|||student@123|||1
2106285||||||0|||student@123|||1
2800998||||||0|||student@123|||1
2027663||||||0|||student@123|||1
2027930||||||0|||student@123|||1
2801002||||||0|||student@123|||1
1103752||||||0|||student@123|||1
1103470||||||0|||student@123|||1
2106451||||||0|||student@123|||1
1103745||||||0|||student@123|||1
3500582||||||0|||student@123|||1
2028744||||||0|||student@123|||1
2407535||||||0|||student@123|||1
2407690||||||0|||student@123|||1
2105749||||||0|||student@123|||1
2407290||||||0|||student@123|||1
1602584||||||0|||student@123|||1
1103455||||||0|||student@123|||1
2028375||||||0|||student@123|||1
2027849||||||0|||student@123|||1
2027626||||||0|||student@123|||1
4500157||||||0|||student@123|||1
1103375||||||0|||student@123|||1
2028751||||||0|||student@123|||1
4500153||||||0|||student@123|||1
4000436||||||0|||student@123|||1
2028674||||||0|||student@123|||1
2407554||||||0|||student@123|||1
2407612||||||0|||student@123|||1
2407008||||||0|||student@123|||1
2105832||||||0|||student@123|||1
2028443||||||0|||student@123|||1
2106011||||||0|||student@123|||1
2407308||||||0|||student@123|||1
2106134||||||0|||student@123|||1
2701160||||||0|||student@123|||1
2106124||||||0|||student@123|||1
2105814||||||0|||student@123|||1
7000003||||||0|||student@123|||1
2105746||||||0|||student@123|||1
2028219||||||0|||student@123|||1
3600813||||||0|||student@123|||1
2105783||||||0|||student@123|||1
2028263||||||0|||student@123|||1
2106397||||||0|||student@123|||1
2407438||||||0|||student@123|||1
6200168||||||0|||student@123|||1
2027841||||||0|||student@123|||1
2029014||||||0|||student@123|||1
2105643||||||0|||student@123|||1
4000441||||||0|||student@123|||1
2701138||||||0|||student@123|||1
6200192||||||0|||student@123|||1
2027675||||||0|||student@123|||1
3402968||||||0|||student@123|||1
2106370||||||0|||student@123|||1
2106075||||||0|||student@123|||1
2029232||||||0|||student@123|||1
2106410||||||0|||student@123|||1
2407695||||||0|||student@123|||1
1103497||||||0|||student@123|||1
2701112||||||0|||student@123|||1
2105706||||||0|||student@123|||1
2028986||||||0|||student@123|||1
2701234||||||0|||student@123|||1
2028887||||||0|||student@123|||1
2407560||||||0|||student@123|||1
2407640||||||0|||student@123|||1
2701070||||||0|||student@123|||1
5700171||||||0|||student@123|||1
2106460||||||0|||student@123|||1
2026586||||||0|||student@123|||1
2028627||||||0|||student@123|||1
3402945||||||0|||student@123|||1
2029470||||||0|||student@123|||1
2027792||||||0|||student@123|||1
2028616||||||0|||student@123|||1
2106215||||||0|||student@123|||1
2407043||||||0|||student@123|||1
2406996||||||0|||student@123|||1
3402842||||||0|||student@123|||1
2028617||||||0|||student@123|||1
2407605||||||0|||student@123|||1
2106268||||||0|||student@123|||1
3600752||||||0|||student@123|||1
1602583||||||0|||student@123|||1
3402835||||||0|||student@123|||1
1103385||||||0|||student@123|||1
2027976||||||0|||student@123|||1
1103556||||||0|||student@123|||1
2106188||||||0|||student@123|||1
2029326||||||0|||student@123|||1
2028631||||||0|||student@123|||1
3402904||||||0|||student@123|||1
2407122||||||0|||student@123|||1
2106141||||||0|||student@123|||1
2029168||||||0|||student@123|||1
2029078||||||0|||student@123|||1
2027753||||||0|||student@123|||1
1103433||||||0|||student@123|||1
2407036||||||0|||student@123|||1
2029483||||||0|||student@123|||1
2027920||||||0|||student@123|||1
2106302||||||0|||student@123|||1
2407328||||||0|||student@123|||1
1103509||||||0|||student@123|||1
2407635||||||0|||student@123|||1
2028782||||||0|||student@123|||1
2027660||||||0|||student@123|||1
3402868||||||0|||student@123|||1
2407348||||||0|||student@123|||1
2407624||||||0|||student@123|||1
2028622||||||0|||student@123|||1
3402921||||||0|||student@123|||1
2406904||||||0|||student@123|||1
2028662||||||0|||student@123|||1
2406991||||||0|||student@123|||1
2027809||||||0|||student@123|||1
2407120||||||0|||student@123|||1
1103632||||||0|||student@123|||1
2027508||||||0|||student@123|||1
2407689||||||0|||student@123|||1
2028754||||||0|||student@123|||1
2028995||||||0|||student@123|||1
2028759||||||0|||student@123|||1
2028205||||||0|||student@123|||1
1103566||||||0|||student@123|||1
3402991||||||0|||student@123|||1
2105829||||||0|||student@123|||1
2029087||||||0|||student@123|||1
2407503||||||0|||student@123|||1
2106420||||||0|||student@123|||1
3402978||||||0|||student@123|||1
1103394||||||0|||student@123|||1
2027582||||||0|||student@123|||1
2027936||||||0|||student@123|||1
1103488||||||0|||student@123|||1
2407329||||||0|||student@123|||1
2106043||||||0|||student@123|||1
4200083||||||0|||student@123|||1
2028708||||||0|||student@123|||1
2028626||||||0|||student@123|||1
2407256||||||0|||student@123|||1
2029337||||||0|||student@123|||1
2407053||||||0|||student@123|||1
2028792||||||0|||student@123|||1
2105920||||||0|||student@123|||1
2407124||||||0|||student@123|||1
2407136||||||0|||student@123|||1
2406993||||||0|||student@123|||1
2406947||||||0|||student@123|||1
2407564||||||0|||student@123|||1
2106308||||||0|||student@123|||1
2106153||||||0|||student@123|||1
2027640||||||0|||student@123|||1
2028373||||||0|||student@123|||1
6700003||||||0|||student@123|||1
2028900||||||0|||student@123|||1
2028825||||||0|||student@123|||1
2407490||||||0|||student@123|||1
2028175||||||0|||student@123|||1
3403004||||||0|||student@123|||1
1103386||||||0|||student@123|||1
2027774||||||0|||student@123|||1
3600837||||||0|||student@123|||1
2027969||||||0|||student@123|||1
2407350||||||0|||student@123|||1
2027818||||||0|||student@123|||1
2407199||||||0|||student@123|||1
2029334||||||0|||student@123|||1
2027591||||||0|||student@123|||1
2300468||||||0|||student@123|||1
2105817||||||0|||student@123|||1
1103408||||||0|||student@123|||1
6200176||||||0|||student@123|||1
3402877||||||0|||student@123|||1
2029046||||||0|||student@123|||1
3600791||||||0|||student@123|||1
2407645||||||0|||student@123|||1
2701210||||||0|||student@123|||1
2406907||||||0|||student@123|||1
2106284||||||0|||student@123|||1
1602622||||||0|||student@123|||1
2106195||||||0|||student@123|||1
4000434||||||0|||student@123|||1
3403031||||||0|||student@123|||1
2407533||||||0|||student@123|||1
2106453||||||0|||student@123|||1
2407604||||||0|||student@123|||1
2105984||||||0|||student@123|||1
2106493||||||0|||student@123|||1
4200082||||||0|||student@123|||1
1103378||||||0|||student@123|||1
1800504||||||0|||student@123|||1
2105925||||||0|||student@123|||1
2029016||||||0|||student@123|||1
2028429||||||0|||student@123|||1
2028612||||||0|||student@123|||1
2029242||||||0|||student@123|||1
2028227||||||0|||student@123|||1
4000447||||||0|||student@123|||1
1103453||||||0|||student@123|||1
2028160||||||0|||student@123|||1
4100457||||||0|||student@123|||1
2028153||||||0|||student@123|||1
2106263||||||0|||student@123|||1
2106376||||||0|||student@123|||1
2028903||||||0|||student@123|||1
2028823||||||0|||student@123|||1
3402851||||||0|||student@123|||1
2407033||||||0|||student@123|||1
2407631||||||0|||student@123|||1
1103508||||||0|||student@123|||1
2028012||||||0|||student@123|||1
5700172||||||0|||student@123|||1
2027781||||||0|||student@123|||1
5600105||||||0|||student@123|||1
2105991||||||0|||student@123|||1
4100462||||||0|||student@123|||1
4000424||||||0|||student@123|||1
2300452||||||0|||student@123|||1
2406937||||||0|||student@123|||1
2028446||||||0|||student@123|||1
2027787||||||0|||student@123|||1
3402860||||||0|||student@123|||1
2105727||||||0|||student@123|||1
2028905||||||0|||student@123|||1
1103476||||||0|||student@123|||1
2027965||||||0|||student@123|||1
2406958||||||0|||student@123|||1
2407525||||||0|||student@123|||1
1103739||||||0|||student@123|||1
2106179||||||0|||student@123|||1
2027760||||||0|||student@123|||1
2701132||||||0|||student@123|||1
6200133||||||0|||student@123|||1
2106249||||||0|||student@123|||1
2027743||||||0|||student@123|||1
3500564||||||0|||student@123|||1
2406934||||||0|||student@123|||1
2407623||||||0|||student@123|||1
2028704||||||0|||student@123|||1
3402950||||||0|||student@123|||1
6200204||||||0|||student@123|||1
2407287||||||0|||student@123|||1
2027526||||||0|||student@123|||1
3402883||||||0|||student@123|||1
2407147||||||0|||student@123|||1
2701221||||||0|||student@123|||1
3800421||||||0|||student@123|||1
2028879||||||0|||student@123|||1
2028981||||||0|||student@123|||1
4000450||||||0|||student@123|||1
3402947||||||0|||student@123|||1
2701167||||||0|||student@123|||1
2028738||||||0|||student@123|||1
2106172||||||0|||student@123|||1
2027707||||||0|||student@123|||1
1103709||||||0|||student@123|||1
2027985||||||0|||student@123|||1
1800516||||||0|||student@123|||1
1602578||||||0|||student@123|||1
2027624||||||0|||student@123|||1
2106341||||||0|||student@123|||1
1103599||||||0|||student@123|||1
2028775||||||0|||student@123|||1
2701107||||||0|||student@123|||1
2407698||||||0|||student@123|||1
2027928||||||0|||student@123|||1
2028172||||||0|||student@123|||1
2800979||||||0|||student@123|||1
2106066||||||0|||student@123|||1
2106351||||||0|||student@123|||1
3403009||||||0|||student@123|||1
2029486||||||0|||student@123|||1
4000431||||||0|||student@123|||1
4000411||||||0|||student@123|||1
1103703||||||0|||student@123|||1
3600826||||||0|||student@123|||1
2407209||||||0|||student@123|||1
2028646||||||0|||student@123|||1
2407330||||||0|||student@123|||1
2028078||||||0|||student@123|||1
2105985||||||0|||student@123|||1
1900471||||||0|||student@123|||1
2106022||||||0|||student@123|||1
4100478||||||0|||student@123|||1
1900467||||||0|||student@123|||1
1900469||||||0|||student@123|||1
2029000||||||0|||student@123|||1
2029148||||||0|||student@123|||1
2029211||||||0|||student@123|||1
2029041||||||0|||student@123|||1
2028993||||||0|||student@123|||1
2105606||||||0|||student@123|||1
2029233||||||0|||student@123|||1
1103774||||||0|||student@123|||1
3500580||||||0|||student@123|||1
2028910||||||0|||student@123|||1
2028057||||||0|||student@123|||1
1103780||||||0|||student@123|||1
2407702||||||0|||student@123|||1
1103503||||||0|||student@123|||1
3402828||||||0|||student@123|||1
2407258||||||0|||student@123|||1
2028693||||||0|||student@123|||1
3402943||||||0|||student@123|||1
2701127||||||0|||student@123|||1
2106439||||||0|||student@123|||1
4200081||||||0|||student@123|||1
2028669||||||0|||student@123|||1
2028288||||||0|||student@123|||1
2028202||||||0|||student@123|||1
2407679||||||0|||student@123|||1
2028667||||||0|||student@123|||1
1800521||||||0|||student@123|||1
2028204||||||0|||student@123|||1
2406987||||||0|||student@123|||1
2407314||||||0|||student@123|||1
2407566||||||0|||student@123|||1
2105671||||||0|||student@123|||1
2029490||||||0|||student@123|||1
1103403||||||0|||student@123|||1
2028486||||||0|||student@123|||1
2406955||||||0|||student@123|||1
2029135||||||0|||student@123|||1
2407616||||||0|||student@123|||1
3402803||||||0|||student@123|||1
4400272||||||0|||student@123|||1
2407603||||||0|||student@123|||1
6200156||||||0|||student@123|||1
4100465||||||0|||student@123|||1
2028244||||||0|||student@123|||1
2407532||||||0|||student@123|||1
2701157||||||0|||student@123|||1
2027942||||||0|||student@123|||1
2028830||||||0|||student@123|||1
3402878||||||0|||student@123|||1
1103686||||||0|||student@123|||1
3600801||||||0|||student@123|||1
3600852||||||0|||student@123|||1
2027568||||||0|||student@123|||1
3800425||||||0|||student@123|||1
6700007||||||0|||student@123|||1
2106394||||||0|||student@123|||1
2106435||||||0|||student@123|||1
2028279||||||0|||student@123|||1
2029234||||||0|||student@123|||1
2701217||||||0|||student@123|||1
7000002||||||0|||student@123|||1
2105663||||||0|||student@123|||1
2028974||||||0|||student@123|||1
2407189||||||0|||student@123|||1
2407428||||||0|||student@123|||1
2028666||||||0|||student@123|||1
1800523||||||0|||student@123|||1
2801004||||||0|||student@123|||1
2701208||||||0|||student@123|||1
2028827||||||0|||student@123|||1
2028989||||||0|||student@123|||1
3402872||||||0|||student@123|||1
2029399||||||0|||student@123|||1
1103578||||||0|||student@123|||1
2407113||||||0|||student@123|||1
2407484||||||0|||student@123|||1
2106202||||||0|||student@123|||1
2701182||||||0|||student@123|||1
2028709||||||0|||student@123|||1
2407029||||||0|||student@123|||1
2105880||||||0|||student@123|||1
1103412||||||0|||student@123|||1
2027852||||||0|||student@123|||1
2106219||||||0|||student@123|||1
2407493||||||0|||student@123|||1
2701178||||||0|||student@123|||1
3800405||||||0|||student@123|||1
2407326||||||0|||student@123|||1
1602621||||||0|||student@123|||1
2029031||||||0|||student@123|||1
1602557||||||0|||student@123|||1
2201056||||||0|||student@123|||1
2028088||||||0|||student@123|||1
2407540||||||0|||student@123|||1
2701140||||||0|||student@123|||1
2106442||||||0|||student@123|||1
2407059||||||0|||student@123|||1
2106425||||||0|||student@123|||1
4700081||||||0|||student@123|||1
3402897||||||0|||student@123|||1
3403020||||||0|||student@123|||1
1602611||||||0|||student@123|||1
2407028||||||0|||student@123|||1
2105827||||||0|||student@123|||1
2105862||||||0|||student@123|||1
1602563||||||0|||student@123|||1
2028778||||||0|||student@123|||1
3402977||||||0|||student@123|||1
2300461||||||0|||student@123|||1
2407295||||||0|||student@123|||1
2028073||||||0|||student@123|||1
3600773||||||0|||student@123|||1
2701249||||||0|||student@123|||1
2407168||||||0|||student@123|||1
2028229||||||0|||student@123|||1
2028511||||||0|||student@123|||1
3402850||||||0|||student@123|||1
2028188||||||0|||student@123|||1
2407342||||||0|||student@123|||1
2800999||||||0|||student@123|||1
2407332||||||0|||student@123|||1
2701190||||||0|||student@123|||1
2407322||||||0|||student@123|||1
2106353||||||0|||student@123|||1
2106254||||||0|||student@123|||1
2407219||||||0|||student@123|||1
2407458||||||0|||student@123|||1
2028178||||||0|||student@123|||1
4000421||||||0|||student@123|||1
2028990||||||0|||student@123|||1
2106309||||||0|||student@123|||1
3403041||||||0|||student@123|||1
6200200||||||0|||student@123|||1
2406906||||||0|||student@123|||1
2106180||||||0|||student@123|||1
2105939||||||0|||student@123|||1
2105646||||||0|||student@123|||1
2106298||||||0|||student@123|||1
1103755||||||0|||student@123|||1
2027759||||||0|||student@123|||1
2029428||||||0|||student@123|||1
2407404||||||0|||student@123|||1
1900477||||||0|||student@123|||1
3600816||||||0|||student@123|||1
2105715||||||0|||student@123|||1
2300453||||||0|||student@123|||1
2028991||||||0|||student@123|||1
2028857||||||0|||student@123|||1
1103624||||||0|||student@123|||1
6200208||||||0|||student@123|||1
2028119||||||0|||student@123|||1
2029468||||||0|||student@123|||1
2027607||||||0|||student@123|||1
2028014||||||0|||student@123|||1
2106000||||||0|||student@123|||1
2027541||||||0|||student@123|||1
2029060||||||0|||student@123|||1
2027712||||||0|||student@123|||1
1103771||||||0|||student@123|||1
6200212||||||0|||student@123|||1
2407203||||||0|||student@123|||1
2028424||||||0|||student@123|||1
2406954||||||0|||student@123|||1
1103553||||||0|||student@123|||1
3600850||||||0|||student@123|||1
2027847||||||0|||student@123|||1
5600108||||||0|||student@123|||1
2028659||||||0|||student@123|||1
3403050||||||0|||student@123|||1
2106076||||||0|||student@123|||1
1103571||||||0|||student@123|||1
2028071||||||0|||student@123|||1
4400266||||||0|||student@123|||1
2106137||||||0|||student@123|||1
2105773||||||0|||student@123|||1
2106089||||||0|||student@123|||1
2407102||||||0|||student@123|||1
1103720||||||0|||student@123|||1
2028876||||||0|||student@123|||1
2027789||||||0|||student@123|||1
2407649||||||0|||student@123|||1
2407060||||||0|||student@123|||1
2201063||||||0|||student@123|||1
2407149||||||0|||student@123|||1
2105804||||||0|||student@123|||1
4600033||||||0|||student@123|||1
2407344||||||0|||student@123|||1
2300456||||||0|||student@123|||1
2407195||||||0|||student@123|||1
2028063||||||0|||student@123|||1
2029382||||||0|||student@123|||1
2105948||||||0|||student@123|||1
2028741||||||0|||student@123|||1
2028464||||||0|||student@123|||1
2106237||||||0|||student@123|||1
2407183||||||0|||student@123|||1
2027544||||||0|||student@123|||1
2028187||||||0|||student@123|||1
2027686||||||0|||student@123|||1
2701147||||||0|||student@123|||1
2028736||||||0|||student@123|||1
2028462||||||0|||student@123|||1
2407633||||||0|||student@123|||1
2407724||||||0|||student@123|||1
3403057||||||0|||student@123|||1
2029328||||||0|||student@123|||1
2106465||||||0|||student@123|||1
2106051||||||0|||student@123|||1
2407025||||||0|||student@123|||1
2407116||||||0|||student@123|||1
6200177||||||0|||student@123|||1
2105693||||||0|||student@123|||1
2106032||||||0|||student@123|||1
2407684||||||0|||student@123|||1
2106110||||||0|||student@123|||1
2028422||||||0|||student@123|||1
2028075||||||0|||student@123|||1
2028249||||||0|||student@123|||1
2029324||||||0|||student@123|||1
2027571||||||0|||student@123|||1
2029467||||||0|||student@123|||1
2105762||||||0|||student@123|||1
2028731||||||0|||student@123|||1
2407639||||||0|||student@123|||1
2407660||||||0|||student@123|||1
2027685||||||0|||student@123|||1
2407112||||||0|||student@123|||1
2028676||||||0|||student@123|||1
2407037||||||0|||student@123|||1
2106207||||||0|||student@123|||1
2106426||||||0|||student@123|||1
2105756||||||0|||student@123|||1
2800972||||||0|||student@123|||1
2106417||||||0|||student@123|||1
2028193||||||0|||student@123|||1
2028973||||||0|||student@123|||1
2028498||||||0|||student@123|||1
1103716||||||0|||student@123|||1
2106080||||||0|||student@123|||1
2029023||||||0|||student@123|||1
2028445||||||0|||student@123|||1
2407179||||||0|||student@123|||1
2106107||||||0|||student@123|||1
4400269||||||0|||student@123|||1
2029449||||||0|||student@123|||1
2028231||||||0|||student@123|||1
3402852||||||0|||student@123|||1
6200146||||||0|||student@123|||1
3600825||||||0|||student@123|||1
2029437||||||0|||student@123|||1
2029285||||||0|||student@123|||1
2701154||||||0|||student@123|||1
2029254||||||0|||student@123|||1
2407139||||||0|||student@123|||1
3403051||||||0|||student@123|||1
2800970||||||0|||student@123|||1
3403026||||||0|||student@123|||1
2106492||||||0|||student@123|||1
1103610||||||0|||student@123|||1
2106036||||||0|||student@123|||1
4300224||||||0|||student@123|||1
2028397||||||0|||student@123|||1
2407469||||||0|||student@123|||1
2106324||||||0|||student@123|||1
2026009||||||0|||student@123|||1
2028239||||||0|||student@123|||1
2106214||||||0|||student@123|||1
1103718||||||0|||student@123|||1
2029434||||||0|||student@123|||1
2029416||||||0|||student@123|||1
2028015||||||0|||student@123|||1
2406948||||||0|||student@123|||1
2028417||||||0|||student@123|||1
2407462||||||0|||student@123|||1
2407701||||||0|||student@123|||1
2701087||||||0|||student@123|||1
2029257||||||0|||student@123|||1
2029001||||||0|||student@123|||1
2105679||||||0|||student@123|||1
2407181||||||0|||student@123|||1
2029155||||||0|||student@123|||1
6200162||||||0|||student@123|||1
1602579||||||0|||student@123|||1
2029460||||||0|||student@123|||1
2105623||||||0|||student@123|||1
2105955||||||0|||student@123|||1
1103559||||||0|||student@123|||1
2029055||||||0|||student@123|||1
2105678||||||0|||student@123|||1
3402863||||||0|||student@123|||1
2028884||||||0|||student@123|||1
2105918||||||0|||student@123|||1
2027720||||||0|||student@123|||1
2027725||||||0|||student@123|||1
2106167||||||0|||student@123|||1
2407521||||||0|||student@123|||1
2027811||||||0|||student@123|||1
2028733||||||0|||student@123|||1
2106023||||||0|||student@123|||1
2027822||||||0|||student@123|||1
2105915||||||0|||student@123|||1
2106342||||||0|||student@123|||1
1800524||||||0|||student@123|||1
2030390||||||0|||student@123|||1
2027933||||||0|||student@123|||1
4700094||||||0|||student@123|||1
2106445||||||0|||student@123|||1
2407080||||||0|||student@123|||1
1800526||||||0|||student@123|||1
1103732||||||0|||student@123|||1
2106266||||||0|||student@123|||1
2800976||||||0|||student@123|||1
2028294||||||0|||student@123|||1
1103613||||||0|||student@123|||1
2106117||||||0|||student@123|||1
2029450||||||0|||student@123|||1
2407052||||||0|||student@123|||1
2407128||||||0|||student@123|||1
2407641||||||0|||student@123|||1
1103681||||||0|||student@123|||1
2029286||||||0|||student@123|||1
2027771||||||0|||student@123|||1
2028772||||||0|||student@123|||1
2407267||||||0|||student@123|||1
2106310||||||0|||student@123|||1
3500563||||||0|||student@123|||1
2106291||||||0|||student@123|||1
1103409||||||0|||student@123|||1
2701215||||||0|||student@123|||1
2027791||||||0|||student@123|||1
3800401||||||0|||student@123|||1
1103630||||||0|||student@123|||1
1103354||||||0|||student@123|||1
2407371||||||0|||student@123|||1
2407001||||||0|||student@123|||1
2106079||||||0|||student@123|||1
2407746||||||0|||student@123|||1
2028649||||||0|||student@123|||1
2027978||||||0|||student@123|||1
2407567||||||0|||student@123|||1
2029072||||||0|||student@123|||1
2105697||||||0|||student@123|||1
2029373||||||0|||student@123|||1
2407498||||||0|||student@123|||1
2105825||||||0|||student@123|||1
3500557||||||0|||student@123|||1
3402942||||||0|||student@123|||1
2106034||||||0|||student@123|||1
2701257||||||0|||student@123|||1
2406938||||||0|||student@123|||1
2027570||||||0|||student@123|||1
2407233||||||0|||student@123|||1
2105761||||||0|||student@123|||1
4700082||||||0|||student@123|||1
1103676||||||0|||student@123|||1
2027534||||||0|||student@123|||1
4600036||||||0|||student@123|||1
2201052||||||0|||student@123|||1
2106013||||||0|||student@123|||1
1103597||||||0|||student@123|||1
2027658||||||0|||student@123|||1
2028142||||||0|||student@123|||1
2027859||||||0|||student@123|||1
2701164||||||0|||student@123|||1
2701184||||||0|||student@123|||1
2105981||||||0|||student@123|||1
1103721||||||0|||student@123|||1
1103638||||||0|||student@123|||1
5700164||||||0|||student@123|||1
2027625||||||0|||student@123|||1
2407767||||||0|||student@123|||1
3402857||||||0|||student@123|||1
1500021||||||0|||student@123|||1
2028082||||||0|||student@123|||1
5900088||||||0|||student@123|||1
2105763||||||0|||student@123|||1
2027718||||||0|||student@123|||1
6200196||||||0|||student@123|||1
2028745||||||0|||student@123|||1
2105867||||||0|||student@123|||1
2028403||||||0|||student@123|||1
1103450||||||0|||student@123|||1
1103366||||||0|||student@123|||1
1103481||||||0|||student@123|||1
2028439||||||0|||student@123|||1
2027762||||||0|||student@123|||1
2701141||||||0|||student@123|||1
2105801||||||0|||student@123|||1
1103522||||||0|||student@123|||1
2106387||||||0|||student@123|||1
2027522||||||0|||student@123|||1
2407448||||||0|||student@123|||1
3600783||||||0|||student@123|||1
2407108||||||0|||student@123|||1
2106155||||||0|||student@123|||1
2106359||||||0|||student@123|||1
2106269||||||0|||student@123|||1
2105622||||||0|||student@123|||1
4100451||||||0|||student@123|||1
3800412||||||0|||student@123|||1
2027583||||||0|||student@123|||1
1103460||||||0|||student@123|||1
1103554||||||0|||student@123|||1
2027768||||||0|||student@123|||1
2028013||||||0|||student@123|||1
2106123||||||0|||student@123|||1
2028611||||||0|||student@123|||1
2028797||||||0|||student@123|||1
4500166||||||0|||student@123|||1
2407731||||||0|||student@123|||1
2407647||||||0|||student@123|||1
2029187||||||0|||student@123|||1
2028689||||||0|||student@123|||1
1103393||||||0|||student@123|||1
2105653||||||0|||student@123|||1
4000444||||||0|||student@123|||1
2028906||||||0|||student@123|||1
2106380||||||0|||student@123|||1
2105774||||||0|||student@123|||1
3500578||||||0|||student@123|||1
2407627||||||0|||student@123|||1
3403025||||||0|||student@123|||1
1500026||||||0|||student@123|||1
2407014||||||0|||student@123|||1
2106084||||||0|||student@123|||1
3600802||||||0|||student@123|||1
2027615||||||0|||student@123|||1
3402936||||||0|||student@123|||1
2105780||||||0|||student@123|||1
2027515||||||0|||student@123|||1
2028080||||||0|||student@123|||1
2407537||||||0|||student@123|||1
1103362||||||0|||student@123|||1
2407769||||||0|||student@123|||1
4600046||||||0|||student@123|||1
2030395||||||0|||student@123|||1
2406914||||||0|||student@123|||1
4600051||||||0|||student@123|||1
3402980||||||0|||student@123|||1
1103454||||||0|||student@123|||1
2105942||||||0|||student@123|||1
2027816||||||0|||student@123|||1
2027851||||||0|||student@123|||1
2028634||||||0|||student@123|||1
1103532||||||0|||student@123|||1
1103358||||||0|||student@123|||1
2027887||||||0|||student@123|||1
2029071||||||0|||student@123|||1
2027726||||||0|||student@123|||1
2701144||||||0|||student@123|||1
2028716||||||0|||student@123|||1
1103626||||||0|||student@123|||1
1103595||||||0|||student@123|||1
2028833||||||0|||student@123|||1
2027621||||||0|||student@123|||1
2029311||||||0|||student@123|||1
2106160||||||0|||student@123|||1
2028705||||||0|||student@123|||1
2028720||||||0|||student@123|||1
3600784||||||0|||student@123|||1
6200159||||||0|||student@123|||1
2028909||||||0|||student@123|||1
2407118||||||0|||student@123|||1
2407134||||||0|||student@123|||1
2027622||||||0|||student@123|||1
3800414||||||0|||student@123|||1
2406979||||||0|||student@123|||1
2407082||||||0|||student@123|||1
2701230||||||0|||student@123|||1
2106346||||||0|||student@123|||1
2028058||||||0|||student@123|||1
2028648||||||0|||student@123|||1
2407317||||||0|||student@123|||1
2106375||||||0|||student@123|||1
2029371||||||0|||student@123|||1
3402829||||||0|||student@123|||1
2407665||||||0|||student@123|||1
2105668||||||0|||student@123|||1
1103525||||||0|||student@123|||1
2407414||||||0|||student@123|||1
2027548||||||0|||student@123|||1
1103438||||||0|||student@123|||1
2028171||||||0|||student@123|||1
2029341||||||0|||student@123|||1
2028780||||||0|||student@123|||1
2701254||||||0|||student@123|||1
2029276||||||0|||student@123|||1
2407388||||||0|||student@123|||1
1103766||||||0|||student@123|||1
2027757||||||0|||student@123|||1
3600757||||||0|||student@123|||1
2407375||||||0|||student@123|||1
2407710||||||0|||student@123|||1
4000427||||||0|||student@123|||1
3403006||||||0|||student@123|||1
2027524||||||0|||student@123|||1
4000428||||||0|||student@123|||1
2029032||||||0|||student@123|||1
2407119||||||0|||student@123|||1
2701241||||||0|||student@123|||1
2406912||||||0|||student@123|||1
2028788||||||0|||student@123|||1
2701051||||||0|||student@123|||1
2800984||||||0|||student@123|||1
2300451||||||0|||student@123|||1
2407434||||||0|||student@123|||1
6700005||||||0|||student@123|||1
2105708||||||0|||student@123|||1
2106144||||||0|||student@123|||1
2029251||||||0|||student@123|||1
2028651||||||0|||student@123|||1
2028618||||||0|||student@123|||1
3402894||||||0|||student@123|||1
2407172||||||0|||student@123|||1
2701056||||||0|||student@123|||1
2105781||||||0|||student@123|||1
2027668||||||0|||student@123|||1
2028980||||||0|||student@123|||1
2029386||||||0|||student@123|||1
6200179||||||0|||student@123|||1
2407064||||||0|||student@123|||1
2027845||||||0|||student@123|||1
2028824||||||0|||student@123|||1
2701125||||||0|||student@123|||1
3402929||||||0|||student@123|||1
3600834||||||0|||student@123|||1
4100459||||||0|||student@123|||1
2027512||||||0|||student@123|||1
2027684||||||0|||student@123|||1
2106058||||||0|||student@123|||1
1103580||||||0|||student@123|||1
1103439||||||0|||student@123|||1
1103389||||||0|||student@123|||1
2028917||||||0|||student@123|||1
2029485||||||0|||student@123|||1
2027733||||||0|||student@123|||1
2407069||||||0|||student@123|||1
2106386||||||0|||student@123|||1
2027921||||||0|||student@123|||1
1103376||||||0|||student@123|||1
2028682||||||0|||student@123|||1
2701143||||||0|||student@123|||1
1103734||||||0|||student@123|||1
2029204||||||0|||student@123|||1
2028899||||||0|||student@123|||1
7000001||||||0|||student@123|||1
2028880||||||0|||student@123|||1
2407088||||||0|||student@123|||1
1103536||||||0|||student@123|||1
2028412||||||0|||student@123|||1
2029238||||||0|||student@123|||1
2027669||||||0|||student@123|||1
2029388||||||0|||student@123|||1
2028310||||||0|||student@123|||1
2027670||||||0|||student@123|||1
6900010||||||0|||student@123|||1
2105848||||||0|||student@123|||1
2028265||||||0|||student@123|||1
2407445||||||0|||student@123|||1
2407483||||||0|||student@123|||1
2701121||||||0|||student@123|||1
2028660||||||0|||student@123|||1
2407091||||||0|||student@123|||1
2028419||||||0|||student@123|||1
2027543||||||0|||student@123|||1
2406973||||||0|||student@123|||1
2406965||||||0|||student@123|||1
2029029||||||0|||student@123|||1
2029259||||||0|||student@123|||1
3402837||||||0|||student@123|||1
5500075||||||0|||student@123|||1
2106177||||||0|||student@123|||1
2701248||||||0|||student@123|||1
2407343||||||0|||student@123|||1
2029028||||||0|||student@123|||1
4600041||||||0|||student@123|||1
2028758||||||0|||student@123|||1
4000413||||||0|||student@123|||1
2028491||||||0|||student@123|||1
2028451||||||0|||student@123|||1
2407103||||||0|||student@123|||1
2028081||||||0|||student@123|||1
2105997||||||0|||student@123|||1
2407495||||||0|||student@123|||1
4100477||||||0|||student@123|||1
2105937||||||0|||student@123|||1
4500155||||||0|||student@123|||1
2105846||||||0|||student@123|||1
3800427||||||0|||student@123|||1
2105831||||||0|||student@123|||1
2407316||||||0|||student@123|||1
2029114||||||0|||student@123|||1
2800997||||||0|||student@123|||1
2407721||||||0|||student@123|||1
2106406||||||0|||student@123|||1
2406972||||||0|||student@123|||1
2407686||||||0|||student@123|||1
2105820||||||0|||student@123|||1
2028296||||||0|||student@123|||1
2407303||||||0|||student@123|||1
2105943||||||0|||student@123|||1
3402822||||||0|||student@123|||1
2028859||||||0|||student@123|||1
2106152||||||0|||student@123|||1
2105635||||||0|||student@123|||1
2407685||||||0|||student@123|||1
2105712||||||0|||student@123|||1
1500030||||||0|||student@123|||1
2106077||||||0|||student@123|||1
1103391||||||0|||student@123|||1
2701202||||||0|||student@123|||1
2106246||||||0|||student@123|||1
2407254||||||0|||student@123|||1
1103606||||||0|||student@123|||1
6700009||||||0|||student@123|||1
2407057||||||0|||student@123|||1
2800971||||||0|||student@123|||1
3600831||||||0|||student@123|||1
6800002||||||0|||student@123|||1
2028430||||||0|||student@123|||1
2028860||||||0|||student@123|||1
2028217||||||0|||student@123|||1
2027767||||||0|||student@123|||1
3402826||||||0|||student@123|||1
3402869||||||0|||student@123|||1
2701126||||||0|||student@123|||1
2105627||||||0|||student@123|||1
1602568||||||0|||student@123|||1
2106122||||||0|||student@123|||1
2105629||||||0|||student@123|||1
2406985||||||0|||student@123|||1
2105617||||||0|||student@123|||1
2029271||||||0|||student@123|||1
2028849||||||0|||student@123|||1
1602567||||||0|||student@123|||1
2029280||||||0|||student@123|||1
2029402||||||0|||student@123|||1
2105688||||||0|||student@123|||1
3402966||||||0|||student@123|||1
2701158||||||0|||student@123|||1
4300232||||||0|||student@123|||1
1103531||||||0|||student@123|||1
2027653||||||0|||student@123|||1
1103505||||||0|||student@123|||1
4000404||||||0|||student@123|||1
2105811||||||0|||student@123|||1
2028726||||||0|||student@123|||1
2028655||||||0|||student@123|||1
2028235||||||0|||student@123|||1
2028242||||||0|||student@123|||1
2701101||||||0|||student@123|||1
2105714||||||0|||student@123|||1
1103724||||||0|||student@123|||1
2407374||||||0|||student@123|||1
2029475||||||0|||student@123|||1
3800411||||||0|||student@123|||1
2801006||||||0|||student@123|||1
2028098||||||0|||student@123|||1
2407611||||||0|||student@123|||1
2029406||||||0|||student@123|||1
2106060||||||0|||student@123|||1
2407432||||||0|||student@123|||1
3402853||||||0|||student@123|||1
3500551||||||0|||student@123|||1
2800988||||||0|||student@123|||1
3800409||||||0|||student@123|||1
6200154||||||0|||student@123|||1
2407086||||||0|||student@123|||1
2028236||||||0|||student@123|||1
3600822||||||0|||student@123|||1
2027971||||||0|||student@123|||1
6200202||||||0|||student@123|||1
3403027||||||0|||student@123|||1
2027778||||||0|||student@123|||1
3403040||||||0|||student@123|||1
2407335||||||0|||student@123|||1
2105672||||||0|||student@123|||1
1103390||||||0|||student@123|||1
2106318||||||0|||student@123|||1
2106293||||||0|||student@123|||1
1103492||||||0|||student@123|||1
2407454||||||0|||student@123|||1
5700158||||||0|||student@123|||1
1103680||||||0|||student@123|||1
1103750||||||0|||student@123|||1
2027505||||||0|||student@123|||1
2105718||||||0|||student@123|||1
2029417||||||0|||student@123|||1
1103520||||||0|||student@123|||1
2028240||||||0|||student@123|||1
2028911||||||0|||student@123|||1
2105786||||||0|||student@123|||1
2105861||||||0|||student@123|||1
1103544||||||0|||student@123|||1
2407680||||||0|||student@123|||1
2800957||||||0|||student@123|||1
2105645||||||0|||student@123|||1
2028748||||||0|||student@123|||1
2407345||||||0|||student@123|||1
2028154||||||0|||student@123|||1
1103486||||||0|||student@123|||1
2029444||||||0|||student@123|||1
2028299||||||0|||student@123|||1
2407523||||||0|||student@123|||1
2027616||||||0|||student@123|||1
2027832||||||0|||student@123|||1
2028471||||||0|||student@123|||1
2029374||||||0|||student@123|||1
4500163||||||0|||student@123|||1
2029079||||||0|||student@123|||1
1103687||||||0|||student@123|||1
2028010||||||0|||student@123|||1
3402843||||||0|||student@123|||1
2701105||||||0|||student@123|||1
2028609||||||0|||student@123|||1
2028311||||||0|||student@123|||1
2028197||||||0|||student@123|||1
1602586||||||0|||student@123|||1
5500071||||||0|||student@123|||1
2407761||||||0|||student@123|||1
2407705||||||0|||student@123|||1
2027995||||||0|||student@123|||1
3403052||||||0|||student@123|||1
2029182||||||0|||student@123|||1
3600846||||||0|||student@123|||1
2029462||||||0|||student@123|||1
2701176||||||0|||student@123|||1
1103541||||||0|||student@123|||1
2029405||||||0|||student@123|||1
2106199||||||0|||student@123|||1
2027672||||||0|||student@123|||1
2407206||||||0|||student@123|||1
4400257||||||0|||student@123|||1
1103361||||||0|||student@123|||1
1103451||||||0|||student@123|||1
2407249||||||0|||student@123|||1
6700010||||||0|||student@123|||1
6200129||||||0|||student@123|||1
6200203||||||0|||student@123|||1
2106497||||||0|||student@123|||1
2801011||||||0|||student@123|||1
2028407||||||0|||student@123|||1
2106289||||||0|||student@123|||1
2106496||||||0|||student@123|||1
2106398||||||0|||student@123|||1
3403013||||||0|||student@123|||1
2029049||||||0|||student@123|||1
2407703||||||0|||student@123|||1
2106072||||||0|||student@123|||1
5900085||||||0|||student@123|||1
2027531||||||0|||student@123|||1
2029123||||||0|||student@123|||1
2300464||||||0|||student@123|||1
2105631||||||0|||student@123|||1
2106424||||||0|||student@123|||1
2407259||||||0|||student@123|||1
1103694||||||0|||student@123|||1
2027698||||||0|||student@123|||1
2106252||||||0|||student@123|||1
1103513||||||0|||student@123|||1
2029474||||||0|||student@123|||1
2407307||||||0|||student@123|||1
2028459||||||0|||student@123|||1
2406992||||||0|||student@123|||1
2027754||||||0|||student@123|||1
2105807||||||0|||student@123|||1
1800530||||||0|||student@123|||1
2029138||||||0|||student@123|||1
2028683||||||0|||student@123|||1
2027889||||||0|||student@123|||1
1500027||||||0|||student@123|||1
2029099||||||0|||student@123|||1
4700091||||||0|||student@123|||1
2407212||||||0|||student@123|||1
2407391||||||0|||student@123|||1
2028116||||||0|||student@123|||1
2106006||||||0|||student@123|||1
2029463||||||0|||student@123|||1
2407238||||||0|||student@123|||1
2701133||||||0|||student@123|||1
3600808||||||0|||student@123|||1
3402909||||||0|||student@123|||1
1103679||||||0|||student@123|||1
3600781||||||0|||student@123|||1
2105986||||||0|||student@123|||1
2106156||||||0|||student@123|||1
2106226||||||0|||student@123|||1
6800005||||||0|||student@123|||1
2106010||||||0|||student@123|||1
2407610||||||0|||student@123|||1
2027569||||||0|||student@123|||1
2105733||||||0|||student@123|||1
2029130||||||0|||student@123|||1
1602551||||||0|||student@123|||1
2105735||||||0|||student@123|||1
1103420||||||0|||student@123|||1
1103678||||||0|||student@123|||1
3500579||||||0|||student@123|||1
4100461||||||0|||student@123|||1
3402906||||||0|||student@123|||1
2028888||||||0|||student@123|||1
2027996||||||0|||student@123|||1
2407110||||||0|||student@123|||1
1602585||||||0|||student@123|||1
4400253||||||0|||student@123|||1
2027922||||||0|||student@123|||1
2407706||||||0|||student@123|||1
2106321||||||0|||student@123|||1
2105957||||||0|||student@123|||1
2029477||||||0|||student@123|||1
3500554||||||0|||student@123|||1
2027853||||||0|||student@123|||1
2029021||||||0|||student@123|||1
2701145||||||0|||student@123|||1
2106045||||||0|||student@123|||1
2029419||||||0|||student@123|||1
2028756||||||0|||student@123|||1
2029277||||||0|||student@123|||1
2028382||||||0|||student@123|||1
2701214||||||0|||student@123|||1
1103725||||||0|||student@123|||1
2701226||||||0|||student@123|||1
2106185||||||0|||student@123|||1
2028402||||||0|||student@123|||1
2701233||||||0|||student@123|||1
2106154||||||0|||student@123|||1
2027951||||||0|||student@123|||1
3402840||||||0|||student@123|||1
2027546||||||0|||student@123|||1
2407304||||||0|||student@123|||1
2407441||||||0|||student@123|||1
2407145||||||0|||student@123|||1
1103704||||||0|||student@123|||1
2028186||||||0|||student@123|||1
2407299||||||0|||student@123|||1
6800003||||||0|||student@123|||1
2407553||||||0|||student@123|||1
2027630||||||0|||student@123|||1
2027596||||||0|||student@123|||1
2106197||||||0|||student@123|||1
2029137||||||0|||student@123|||1
4700096||||||0|||student@123|||1
2028979||||||0|||student@123|||1
1900485||||||0|||student@123|||1
2701200||||||0|||student@123|||1
2407228||||||0|||student@123|||1
2027574||||||0|||student@123|||1
2029412||||||0|||student@123|||1
2027827||||||0|||student@123|||1
2407772||||||0|||student@123|||1
2106203||||||0|||student@123|||1
2106399||||||0|||student@123|||1
2028056||||||0|||student@123|||1
6800001||||||0|||student@123|||1
2028136||||||0|||student@123|||1
2029062||||||0|||student@123|||1
1103515||||||0|||student@123|||1
2701074||||||0|||student@123|||1
2106296||||||0|||student@123|||1
2701134||||||0|||student@123|||1
3402824||||||0|||student@123|||1
2106206||||||0|||student@123|||1
2407278||||||0|||student@123|||1
2106028||||||0|||student@123|||1
2028806||||||0|||student@123|||1
2106371||||||0|||student@123|||1
3800426||||||0|||student@123|||1
2407223||||||0|||student@123|||1
2407642||||||0|||student@123|||1
2028174||||||0|||student@123|||1
2106108||||||0|||student@123|||1
2407570||||||0|||student@123|||1
1103761||||||0|||student@123|||1
2029066||||||0|||student@123|||1
2029237||||||0|||student@123|||1
2027772||||||0|||student@123|||1
2407284||||||0|||student@123|||1
2027940||||||0|||student@123|||1
2029335||||||0|||student@123|||1
2028654||||||0|||student@123|||1
2028441||||||0|||student@123|||1
2407213||||||0|||student@123|||1
2028641||||||0|||student@123|||1
6200126||||||0|||student@123|||1
5500076||||||0|||student@123|||1
2106390||||||0|||student@123|||1
2407159||||||0|||student@123|||1
2105673||||||0|||student@123|||1
2800985||||||0|||student@123|||1
2028901||||||0|||student@123|||1
2106005||||||0|||student@123|||1
2027506||||||0|||student@123|||1
2106033||||||0|||student@123|||1
2106166||||||0|||student@123|||1
2027560||||||0|||student@123|||1
5700154||||||0|||student@123|||1
2407065||||||0|||student@123|||1
2029059||||||0|||student@123|||1
2027671||||||0|||student@123|||1
2106334||||||0|||student@123|||1
2106227||||||0|||student@123|||1
2027520||||||0|||student@123|||1
2028836||||||0|||student@123|||1
2106129||||||0|||student@123|||1
2027690||||||0|||student@123|||1
2701059||||||0|||student@123|||1
2407336||||||0|||student@123|||1
2106365||||||0|||student@123|||1
2028059||||||0|||student@123|||1
3402915||||||0|||student@123|||1
6200130||||||0|||student@123|||1
2028834||||||0|||student@123|||1
2028985||||||0|||student@123|||1
1602565||||||0|||student@123|||1
2028757||||||0|||student@123|||1
2201055||||||0|||student@123|||1
2407550||||||0|||student@123|||1
4600047||||||0|||student@123|||1
1103548||||||0|||student@123|||1
3600811||||||0|||student@123|||1
3402893||||||0|||student@123|||1
3600772||||||0|||student@123|||1
2701090||||||0|||student@123|||1
2028162||||||0|||student@123|||1
3402841||||||0|||student@123|||1
3800430||||||0|||student@123|||1
3800433||||||0|||student@123|||1
2027602||||||0|||student@123|||1
2106258||||||0|||student@123|||1
2407260||||||0|||student@123|||1
1103519||||||0|||student@123|||1
2407650||||||0|||student@123|||1
2028502||||||0|||student@123|||1
2106121||||||0|||student@123|||1
2029391||||||0|||student@123|||1
2029146||||||0|||student@123|||1
2028781||||||0|||student@123|||1
2105736||||||0|||student@123|||1
2028102||||||0|||student@123|||1
1103683||||||0|||student@123|||1
2028472||||||0|||student@123|||1
3600841||||||0|||student@123|||1
2106311||||||0|||student@123|||1
2106165||||||0|||student@123|||1
2027993||||||0|||student@123|||1
2028476||||||0|||student@123|||1
2407700||||||0|||student@123|||1
2300459||||||0|||student@123|||1
2106097||||||0|||student@123|||1
2701129||||||0|||student@123|||1
2106240||||||0|||student@123|||1
2027729||||||0|||student@123|||1
2106313||||||0|||student@123|||1
2105764||||||0|||student@123|||1
3800415||||||0|||student@123|||1
2105767||||||0|||student@123|||1
6200131||||||0|||student@123|||1
2106393||||||0|||student@123|||1
2407398||||||0|||student@123|||1
2029240||||||0|||student@123|||1
2027588||||||0|||student@123|||1
2105726||||||0|||student@123|||1
2028125||||||0|||student@123|||1
2028190||||||0|||student@123|||1
2028068||||||0|||student@123|||1
2106382||||||0|||student@123|||1
4000443||||||0|||student@123|||1
4600040||||||0|||student@123|||1
2027860||||||0|||student@123|||1
2407079||||||0|||student@123|||1
1103756||||||0|||student@123|||1
2028805||||||0|||student@123|||1
2029063||||||0|||student@123|||1
2300460||||||0|||student@123|||1
2028409||||||0|||student@123|||1
2028086||||||0|||student@123|||1
2105676||||||0|||student@123|||1
2028305||||||0|||student@123|||1
2105844||||||0|||student@123|||1
3500558||||||0|||student@123|||1
2105927||||||0|||student@123|||1
1900451||||||0|||student@123|||1
4700097||||||0|||student@123|||1
2106416||||||0|||student@123|||1
1103472||||||0|||student@123|||1
2029363||||||0|||student@123|||1
2029441||||||0|||student@123|||1
3800431||||||0|||student@123|||1
2406928||||||0|||student@123|||1
2028374||||||0|||student@123|||1
1900455||||||0|||student@123|||1
2106429||||||0|||student@123|||1
2028209||||||0|||student@123|||1
2407305||||||0|||student@123|||1
1103482||||||0|||student@123|||1
2027803||||||0|||student@123|||1
2029476||||||0|||student@123|||1
2701116||||||0|||student@123|||1
2028983||||||0|||student@123|||1
2029253||||||0|||student@123|||1
2106247||||||0|||student@123|||1
2407681||||||0|||student@123|||1
6800006||||||0|||student@123|||1
2407093||||||0|||student@123|||1
2029054||||||0|||student@123|||1
2105788||||||0|||student@123|||1
2801000||||||0|||student@123|||1
2028773||||||0|||student@123|||1
2105830||||||0|||student@123|||1
2701236||||||0|||student@123|||1
2029056||||||0|||student@123|||1
2105732||||||0|||student@123|||1
2029279||||||0|||student@123|||1
2701094||||||0|||student@123|||1
1103400||||||0|||student@123|||1
2407380||||||0|||student@123|||1
2105947||||||0|||student@123|||1
3500559||||||0|||student@123|||1
2407678||||||0|||student@123|||1
2028385||||||0|||student@123|||1
2028393||||||0|||student@123|||1
2407310||||||0|||student@123|||1
2407192||||||0|||student@123|||1
6200175||||||0|||student@123|||1
2406978||||||0|||student@123|||1
2105734||||||0|||student@123|||1
2407327||||||0|||student@123|||1
3600833||||||0|||student@123|||1
2027659||||||0|||student@123|||1
2028248||||||0|||student@123|||1
2028224||||||0|||student@123|||1
2701189||||||0|||student@123|||1
1103636||||||0|||student@123|||1
2407763||||||0|||student@123|||1
3402946||||||0|||student@123|||1
2029375||||||0|||student@123|||1
3600827||||||0|||student@123|||1
2701232||||||0|||student@123|||1
2028233||||||0|||student@123|||1
2407677||||||0|||student@123|||1
2105996||||||0|||student@123|||1
4100466||||||0|||student@123|||1
4500161||||||0|||student@123|||1
2701055||||||0|||student@123|||1
2106366||||||0|||student@123|||1
2028760||||||0|||student@123|||1
2407026||||||0|||student@123|||1
2027692||||||0|||student@123|||1
2106111||||||0|||student@123|||1
2027716||||||0|||student@123|||1
2028028||||||0|||student@123|||1
2028043||||||0|||student@123|||1
2027884||||||0|||student@123|||1
2407363||||||0|||student@123|||1
2027689||||||0|||student@123|||1
2028184||||||0|||student@123|||1
2028194||||||0|||student@123|||1
2029410||||||0|||student@123|||1
2105741||||||0|||student@123|||1
2407546||||||0|||student@123|||1
3600844||||||0|||student@123|||1
2406939||||||0|||student@123|||1
2028784||||||0|||student@123|||1
2028889||||||0|||student@123|||1
2105821||||||0|||student@123|||1
2029413||||||0|||student@123|||1
2407224||||||0|||student@123|||1
2028282||||||0|||student@123|||1
2407526||||||0|||student@123|||1
2029319||||||0|||student@123|||1
3402873||||||0|||student@123|||1
2029213||||||0|||student@123|||1
2027793||||||0|||student@123|||1
2027679||||||0|||student@123|||1
3402827||||||0|||student@123|||1
2406901||||||0|||student@123|||1
1103396||||||0|||student@123|||1
2028701||||||0|||student@123|||1
3402916||||||0|||student@123|||1
2028253||||||0|||student@123|||1
1103540||||||0|||student@123|||1
2028713||||||0|||student@123|||1
6200144||||||0|||student@123|||1
2105770||||||0|||student@123|||1
2028895||||||0|||student@123|||1
2028207||||||0|||student@123|||1
2407141||||||0|||student@123|||1
2029053||||||0|||student@123|||1
2407655||||||0|||student@123|||1
2106337||||||0|||student@123|||1
2106281||||||0|||student@123|||1
2028201||||||0|||student@123|||1
2701113||||||0|||student@123|||1
2105690||||||0|||student@123|||1
6200148||||||0|||student@123|||1
2407613||||||0|||student@123|||1
3402820||||||0|||student@123|||1
2105826||||||0|||student@123|||1
1103369||||||0|||student@123|||1
2027960||||||0|||student@123|||1
2106220||||||0|||student@123|||1
2028500||||||0|||student@123|||1
2106211||||||0|||student@123|||1
2027746||||||0|||student@123|||1
2028170||||||0|||student@123|||1
2027558||||||0|||student@123|||1
2106343||||||0|||student@123|||1
2407051||||||0|||student@123|||1
4400255||||||0|||student@123|||1
1103567||||||0|||student@123|||1
2105662||||||0|||student@123|||1
2105945||||||0|||student@123|||1
2027641||||||0|||student@123|||1
2407424||||||0|||student@123|||1
2028675||||||0|||student@123|||1
2027891||||||0|||student@123|||1
2407745||||||0|||student@123|||1
2027819||||||0|||student@123|||1
2106205||||||0|||student@123|||1
2106171||||||0|||student@123|||1
2027549||||||0|||student@123|||1
6200181||||||0|||student@123|||1
2105865||||||0|||student@123|||1
2027842||||||0|||student@123|||1
2029045||||||0|||student@123|||1
2407719||||||0|||student@123|||1
1103440||||||0|||student@123|||1
2106430||||||0|||student@123|||1
2029396||||||0|||student@123|||1
2105683||||||0|||student@123|||1
2028723||||||0|||student@123|||1
2028512||||||0|||student@123|||1
1500029||||||0|||student@123|||1
2800951||||||0|||student@123|||1
2407389||||||0|||student@123|||1
3600789||||||0|||student@123|||1
2106488||||||0|||student@123|||1
2029250||||||0|||student@123|||1
2027748||||||0|||student@123|||1
1900478||||||0|||student@123|||1
1103491||||||0|||student@123|||1
2027871||||||0|||student@123|||1
2407010||||||0|||student@123|||1
2027632||||||0|||student@123|||1
3600842||||||0|||student@123|||1
2407361||||||0|||student@123|||1
2407283||||||0|||student@123|||1
2027598||||||0|||student@123|||1
2029097||||||0|||student@123|||1
2027705||||||0|||student@123|||1
2027953||||||0|||student@123|||1
2029323||||||0|||student@123|||1
2028106||||||0|||student@123|||1
2028017||||||0|||student@123|||1
2029448||||||0|||student@123|||1
2105615||||||0|||student@123|||1
2029480||||||0|||student@123|||1
2027899||||||0|||student@123|||1
4300219||||||0|||student@123|||1
2407357||||||0|||student@123|||1
3402992||||||0|||student@123|||1
4500158||||||0|||student@123|||1
4400260||||||0|||student@123|||1
2027664||||||0|||student@123|||1
2027848||||||0|||student@123|||1
2028844||||||0|||student@123|||1
2406920||||||0|||student@123|||1
2106428||||||0|||student@123|||1
2105644||||||0|||student@123|||1
1103483||||||0|||student@123|||1
2407067||||||0|||student@123|||1
2407450||||||0|||student@123|||1
1602560||||||0|||student@123|||1
2106244||||||0|||student@123|||1
1103627||||||0|||student@123|||1
2407727||||||0|||student@123|||1
2406952||||||0|||student@123|||1
1900472||||||0|||student@123|||1
2407562||||||0|||student@123|||1
2029425||||||0|||student@123|||1
2028796||||||0|||student@123|||1
2027758||||||0|||student@123|||1
2407723||||||0|||student@123|||1
3402989||||||0|||student@123|||1
2106276||||||0|||student@123|||1
2027535||||||0|||student@123|||1
1103373||||||0|||student@123|||1
2407291||||||0|||student@123|||1
2028891||||||0|||student@123|||1
2027513||||||0|||student@123|||1
2106360||||||0|||student@123|||1
2029091||||||0|||student@123|||1
2028038||||||0|||student@123|||1
2028976||||||0|||student@123|||1
2028793||||||0|||student@123|||1
3402951||||||0|||student@123|||1
2407644||||||0|||student@123|||1
2105812||||||0|||student@123|||1
2106400||||||0|||student@123|||1
3402808||||||0|||student@123|||1
2028478||||||0|||student@123|||1
1103535||||||0|||student@123|||1
2029393||||||0|||student@123|||1
2029314||||||0|||student@123|||1
2407130||||||0|||student@123|||1
2029409||||||0|||student@123|||1
2407506||||||0|||student@123|||1
2407055||||||0|||student@123|||1
3600764||||||0|||student@123|||1
2701212||||||0|||student@123|||1
2028418||||||0|||student@123|||1
2406910||||||0|||student@123|||1
2027902||||||0|||student@123|||1
2028752||||||0|||student@123|||1
4500154||||||0|||student@123|||1
2029246||||||0|||student@123|||1
3402891||||||0|||student@123|||1
2407174||||||0|||student@123|||1
2407240||||||0|||student@123|||1
1800515||||||0|||student@123|||1
2106228||||||0|||student@123|||1
2106183||||||0|||student@123|||1
2028449||||||0|||student@123|||1
2106065||||||0|||student@123|||1
2407034||||||0|||student@123|||1
2029329||||||0|||student@123|||1
2028067||||||0|||student@123|||1
1103707||||||0|||student@123|||1
2406916||||||0|||student@123|||1
3403016||||||0|||student@123|||1
2106014||||||0|||student@123|||1
1103777||||||0|||student@123|||1
2027817||||||0|||student@123|||1
1103379||||||0|||student@123|||1
2028061||||||0|||student@123|||1
1103700||||||0|||student@123|||1
2027813||||||0|||student@123|||1
2106415||||||0|||student@123|||1
2106136||||||0|||student@123|||1
2407473||||||0|||student@123|||1
2106062||||||0|||student@123|||1
3402969||||||0|||student@123|||1
2029236||||||0|||student@123|||1
3402805||||||0|||student@123|||1
1103364||||||0|||student@123|||1
2701072||||||0|||student@123|||1
2105874||||||0|||student@123|||1
2027837||||||0|||student@123|||1
2701089||||||0|||student@123|||1
2407638||||||0|||student@123|||1
3402984||||||0|||student@123|||1
2027656||||||0|||student@123|||1
1103499||||||0|||student@123|||1
2701188||||||0|||student@123|||1
1602575||||||0|||student@123|||1
6200137||||||0|||student@123|||1
2105926||||||0|||student@123|||1
2029339||||||0|||student@123|||1
2407101||||||0|||student@123|||1
4500165||||||0|||student@123|||1
1900465||||||0|||student@123|||1
3402886||||||0|||student@123|||1
3402986||||||0|||student@123|||1
2407226||||||0|||student@123|||1
2106441||||||0|||student@123|||1
2029073||||||0|||student@123|||1
2106093||||||0|||student@123|||1
6200173||||||0|||student@123|||1
2406994||||||0|||student@123|||1
2406919||||||0|||student@123|||1
2028293||||||0|||student@123|||1
1103468||||||0|||student@123|||1
2027715||||||0|||student@123|||1
3600774||||||0|||student@123|||1
2027830||||||0|||student@123|||1
3402911||||||0|||student@123|||1
2105922||||||0|||student@123|||1
1800520||||||0|||student@123|||1
2027955||||||0|||student@123|||1
2106265||||||0|||student@123|||1
4000416||||||0|||student@123|||1
2106452||||||0|||student@123|||1
2027999||||||0|||student@123|||1
2028431||||||0|||student@123|||1
2029361||||||0|||student@123|||1
2106037||||||0|||student@123|||1
1103557||||||0|||student@123|||1
2201051||||||0|||student@123|||1
2029295||||||0|||student@123|||1
2028447||||||0|||student@123|||1
2028831||||||0|||student@123|||1
5700156||||||0|||student@123|||1
3402975||||||0|||student@123|||1
2028176||||||0|||student@123|||1
2701054||||||0|||student@123|||1
2029362||||||0|||student@123|||1
2106030||||||0|||student@123|||1
2407185||||||0|||student@123|||1
2027597||||||0|||student@123|||1
2028908||||||0|||student@123|||1
3402802||||||0|||student@123|||1
2105993||||||0|||student@123|||1
2028783||||||0|||student@123|||1
2701095||||||0|||student@123|||1
2106381||||||0|||student@123|||1
2027627||||||0|||student@123|||1
2106035||||||0|||student@123|||1
2407006||||||0|||student@123|||1
2106462||||||0|||student@123|||1
2105959||||||0|||student@123|||1
2028260||||||0|||student@123|||1
3402823||||||0|||student@123|||1
2027916||||||0|||student@123|||1
2407671||||||0|||student@123|||1
2027539||||||0|||student@123|||1
2029403||||||0|||student@123|||1
2027519||||||0|||student@123|||1
2106377||||||0|||student@123|||1
2407715||||||0|||student@123|||1
2701245||||||0|||student@123|||1
2028001||||||0|||student@123|||1
2028732||||||0|||student@123|||1
2029312||||||0|||student@123|||1
2407127||||||0|||student@123|||1
2106162||||||0|||student@123|||1
2028076||||||0|||student@123|||1
4000418||||||0|||student@123|||1
2105796||||||0|||student@123|||1
1103582||||||0|||student@123|||1
2027606||||||0|||student@123|||1
2407439||||||0|||student@123|||1
2407494||||||0|||student@123|||1
1103410||||||0|||student@123|||1
2028620||||||0|||student@123|||1
2105641||||||0|||student@123|||1
2406933||||||0|||student@123|||1
1103568||||||0|||student@123|||1
2027706||||||0|||student@123|||1
2300455||||||0|||student@123|||1
2027766||||||0|||student@123|||1
2407197||||||0|||student@123|||1
4600035||||||0|||student@123|||1
2407457||||||0|||student@123|||1
2106024||||||0|||student@123|||1
2029442||||||0|||student@123|||1
2407158||||||0|||student@123|||1
2106270||||||0|||student@123|||1
2029132||||||0|||student@123|||1
2407217||||||0|||student@123|||1
2028743||||||0|||student@123|||1
2701235||||||0|||student@123|||1
1103510||||||0|||student@123|||1
1103772||||||0|||student@123|||1
2701119||||||0|||student@123|||1
2027589||||||0|||student@123|||1
1103432||||||0|||student@123|||1
2029134||||||0|||student@123|||1
4000426||||||0|||student@123|||1
6700004||||||0|||student@123|||1
2029113||||||0|||student@123|||1
2407481||||||0|||student@123|||1
1103478||||||0|||student@123|||1
2106078||||||0|||student@123|||1
2106328||||||0|||student@123|||1
2028111||||||0|||student@123|||1
4100474||||||0|||student@123|||1
2701149||||||0|||student@123|||1
3800422||||||0|||student@123|||1
2407081||||||0|||student@123|||1
3402998||||||0|||student@123|||1
2106193||||||0|||student@123|||1
2027790||||||0|||student@123|||1
2407699||||||0|||student@123|||1
3402960||||||0|||student@123|||1
2407042||||||0|||student@123|||1
2028245||||||0|||student@123|||1
2028077||||||0|||student@123|||1
2105797||||||0|||student@123|||1
2029268||||||0|||student@123|||1
2028514||||||0|||student@123|||1
2027642||||||0|||student@123|||1
1103684||||||0|||student@123|||1
2027927||||||0|||student@123|||1
2027647||||||0|||student@123|||1
3402958||||||0|||student@123|||1
4100479||||||0|||student@123|||1
2027639||||||0|||student@123|||1
2701238||||||0|||student@123|||1
2029294||||||0|||student@123|||1
2106243||||||0|||student@123|||1
1103711||||||0|||student@123|||1
1103551||||||0|||student@123|||1
2028678||||||0|||student@123|||1
1800501||||||0|||student@123|||1
4100471||||||0|||student@123|||1
1103493||||||0|||student@123|||1
1103398||||||0|||student@123|||1
2028222||||||0|||student@123|||1
2105634||||||0|||student@123|||1
1103363||||||0|||student@123|||1
2028220||||||0|||student@123|||1
3402832||||||0|||student@123|||1
3600809||||||0|||student@123|||1
2028216||||||0|||student@123|||1
2028790||||||0|||student@123|||1
2407015||||||0|||student@123|||1
2701199||||||0|||student@123|||1
2028183||||||0|||student@123|||1
1103475||||||0|||student@123|||1
3600859||||||0|||student@123|||1
2028007||||||0|||student@123|||1
2407245||||||0|||student@123|||1
4700090||||||0|||student@123|||1
2029018||||||0|||student@123|||1
2028103||||||0|||student@123|||1
2106402||||||0|||student@123|||1
2027735||||||0|||student@123|||1
2029247||||||0|||student@123|||1
2028390||||||0|||student@123|||1
2106372||||||0|||student@123|||1
2407669||||||0|||student@123|||1
3402931||||||0|||student@123|||1
1602581||||||0|||student@123|||1
3600845||||||0|||student@123|||1
2407487||||||0|||student@123|||1
2106259||||||0|||student@123|||1
2407668||||||0|||student@123|||1
4600034||||||0|||student@123|||1
2106138||||||0|||student@123|||1
2105963||||||0|||student@123|||1
2028663||||||0|||student@123|||1
2029235||||||0|||student@123|||1
2701187||||||0|||student@123|||1
3600758||||||0|||student@123|||1
2028065||||||0|||student@123|||1
2028638||||||0|||student@123|||1
2701195||||||0|||student@123|||1
1103706||||||0|||student@123|||1
2028814||||||0|||student@123|||1
5900084||||||0|||student@123|||1
1103428||||||0|||student@123|||1
6200169||||||0|||student@123|||1
2028454||||||0|||student@123|||1
2105709||||||0|||student@123|||1
2029284||||||0|||student@123|||1
3402940||||||0|||student@123|||1
1103539||||||0|||student@123|||1
2105877||||||0|||student@123|||1
2029423||||||0|||student@123|||1
2106290||||||0|||student@123|||1
2407712||||||0|||student@123|||1
2029418||||||0|||student@123|||1
2029206||||||0|||student@123|||1
2028496||||||0|||student@123|||1
2027931||||||0|||student@123|||1
2028435||||||0|||student@123|||1
2028657||||||0|||student@123|||1
2106356||||||0|||student@123|||1
2029008||||||0|||student@123|||1
1103446||||||0|||student@123|||1
2106173||||||0|||student@123|||1
2105628||||||0|||student@123|||1
2027600||||||0|||student@123|||1
2027761||||||0|||student@123|||1
2028495||||||0|||student@123|||1
3600765||||||0|||student@123|||1
3500562||||||0|||student@123|||1
2029144||||||0|||student@123|||1
1103514||||||0|||student@123|||1
1103605||||||0|||student@123|||1
3600780||||||0|||student@123|||1
2105989||||||0|||student@123|||1
2105857||||||0|||student@123|||1
2028670||||||0|||student@123|||1
2300466||||||0|||student@123|||1
2028870||||||0|||student@123|||1
2406977||||||0|||student@123|||1
2105702||||||0|||student@123|||1
2029440||||||0|||student@123|||1
2027799||||||0|||student@123|||1
1800519||||||0|||student@123|||1
1103484||||||0|||student@123|||1
2029290||||||0|||student@123|||1
2028426||||||0|||student@123|||1
2407446||||||0|||student@123|||1
2106174||||||0|||student@123|||1
3402959||||||0|||student@123|||1
2407556||||||0|||student@123|||1
2028221||||||0|||student@123|||1
2407662||||||0|||student@123|||1
2028630||||||0|||student@123|||1
4100483||||||0|||student@123|||1
3402885||||||0|||student@123|||1
2027926||||||0|||student@123|||1
2407519||||||0|||student@123|||1
2027897||||||0|||student@123|||1
2028801||||||0|||student@123|||1
4500151||||||0|||student@123|||1
2406968||||||0|||student@123|||1
2800989||||||0|||student@123|||1
4400262||||||0|||student@123|||1
2105911||||||0|||student@123|||1
1103722||||||0|||student@123|||1
2106132||||||0|||student@123|||1
2407164||||||0|||student@123|||1
6200209||||||0|||student@123|||1
2028883||||||0|||student@123|||1
1602559||||||0|||student@123|||1
2029126||||||0|||student@123|||1
3600794||||||0|||student@123|||1
2407095||||||0|||student@123|||1
2701216||||||0|||student@123|||1
2106157||||||0|||student@123|||1
1103552||||||0|||student@123|||1
2407152||||||0|||student@123|||1
3402961||||||0|||student@123|||1
2027785||||||0|||student@123|||1
2029124||||||0|||student@123|||1
2106395||||||0|||student@123|||1
2028105||||||0|||student@123|||1
2105722||||||0|||student@123|||1
2105885||||||0|||student@123|||1
2027576||||||0|||student@123|||1
2701067||||||0|||student@123|||1
2028025||||||0|||student@123|||1
2028619||||||0|||student@123|||1
2027825||||||0|||student@123|||1
2701203||||||0|||student@123|||1
4600048||||||0|||student@123|||1
2029333||||||0|||student@123|||1
2028479||||||0|||student@123|||1
2106348||||||0|||student@123|||1
2106447||||||0|||student@123|||1
2028143||||||0|||student@123|||1
2105912||||||0|||student@123|||1
2407355||||||0|||student@123|||1
1103779||||||0|||student@123|||1
2701104||||||0|||student@123|||1
2407319||||||0|||student@123|||1
2028681||||||0|||student@123|||1
1103743||||||0|||student@123|||1
2029181||||||0|||student@123|||1
2106050||||||0|||student@123|||1
4400258||||||0|||student@123|||1
2701191||||||0|||student@123|||1
2028161||||||0|||student@123|||1
2028199||||||0|||student@123|||1
6200170||||||0|||student@123|||1
2028644||||||0|||student@123|||1
2028765||||||0|||student@123|||1
2028389||||||0|||student@123|||1
2105685||||||0|||student@123|||1
2407104||||||0|||student@123|||1
2028503||||||0|||student@123|||1
2300473||||||0|||student@123|||1
2027938||||||0|||student@123|||1
2407070||||||0|||student@123|||1
1103533||||||0|||student@123|||1
2407288||||||0|||student@123|||1
2407683||||||0|||student@123|||1
2106139||||||0|||student@123|||1
2800973||||||0|||student@123|||1
1103572||||||0|||student@123|||1
6200211||||||0|||student@123|||1
2028276||||||0|||student@123|||1
3402881||||||0|||student@123|||1
2105841||||||0|||student@123|||1
2028852||||||0|||student@123|||1
2106103||||||0|||student@123|||1
2701255||||||0|||student@123|||1
3402965||||||0|||student@123|||1
2028129||||||0|||student@123|||1
1103426||||||0|||student@123|||1
2027608||||||0|||student@123|||1
2028298||||||0|||student@123|||1
2701206||||||0|||student@123|||1
4300227||||||0|||student@123|||1
2027657||||||0|||student@123|||1
5900081||||||0|||student@123|||1
2106357||||||0|||student@123|||1
2027525||||||0|||student@123|||1
2106012||||||0|||student@123|||1
2030394||||||0|||student@123|||1
2028692||||||0|||student@123|||1
2800964||||||0|||student@123|||1
2407666||||||0|||student@123|||1
3500556||||||0|||student@123|||1
4300216||||||0|||student@123|||1
2105625||||||0|||student@123|||1
2105872||||||0|||student@123|||1
1103757||||||0|||student@123|||1
1103760||||||0|||student@123|||1
2028303||||||0|||student@123|||1
4700093||||||0|||student@123|||1
2407618||||||0|||student@123|||1
2407621||||||0|||student@123|||1
3600770||||||0|||student@123|||1
2028198||||||0|||student@123|||1
2028301||||||0|||student@123|||1
